{
  "items": [
    {
      "settings": [],
      "sortOrder": 9,
      "allowResult": true,
      "id": "01237818-fd27-4cd3-9eb6-ed9a85e84d07",
      "exerciseGroups": [
        {
          "exercises": [
            "f73c07c0-1f82-4c08-aac1-e4ecdddc30b4",
            "1de25746-e181-4549-9d21-b0084efe602b",
            "f67a9a35-fe9b-48c5-b758-a9422f030f16",
            "0b3b191d-bb67-45ef-a822-3074061274a9",
            "6904dfc8-9ef4-41e2-8d4e-fb298e9c5f3f",
            "a27d435c-7975-40c1-bf28-1f0f4d59647e",
            "4804f295-71bf-471e-96ac-1091a271ea3a",
            "985deefd-3035-4aab-b3dd-8f4ab1a68de0",
            "794bd4bc-6b58-4d89-ba9a-24df7bd3fd7d",
            "5c382435-8988-400e-9fff-6f2688624d37"
          ],
          "timersAssignments": [
            {
              "exercises": [
                "f73c07c0-1f82-4c08-aac1-e4ecdddc30b4",
                "1de25746-e181-4549-9d21-b0084efe602b",
                "f67a9a35-fe9b-48c5-b758-a9422f030f16",
                "0b3b191d-bb67-45ef-a822-3074061274a9",
                "6904dfc8-9ef4-41e2-8d4e-fb298e9c5f3f",
                "a27d435c-7975-40c1-bf28-1f0f4d59647e",
                "4804f295-71bf-471e-96ac-1091a271ea3a",
                "985deefd-3035-4aab-b3dd-8f4ab1a68de0",
                "794bd4bc-6b58-4d89-ba9a-24df7bd3fd7d",
                "5c382435-8988-400e-9fff-6f2688624d37"
              ],
              "timer": "bd85f23a-9eca-47be-8f31-36612e00e8ed"
            }
          ]
        },
        {
          "exercises": [
            "5ffd9b02-4f4a-4bc8-bc2d-603887b7f3ea",
            "1b5da0e9-1d8c-4ea1-9651-fea82545f947",
            "f46a4f60-df64-4b7c-83bf-0cae7ca8e5f2",
            "971a20f4-4138-4309-8253-5de598cd6853",
            "dbf0ebe7-4262-43c3-b329-b49390dbfd9a",
            "78239a01-2519-474b-b66b-e33b7b83dcb6",
            "19937ee3-14a5-43dd-94a3-d63592e3a005",
            "fa4b05e5-d2a9-4eae-b427-a73c3206b549",
            "725684df-8a2f-47f9-a7bd-80b144f4c6ee",
            "e9c0f92c-85e8-4ddb-9f8a-3c7f23952a1a"
          ],
          "timersAssignments": [
            {
              "exercises": [
                "5ffd9b02-4f4a-4bc8-bc2d-603887b7f3ea",
                "1b5da0e9-1d8c-4ea1-9651-fea82545f947",
                "f46a4f60-df64-4b7c-83bf-0cae7ca8e5f2",
                "971a20f4-4138-4309-8253-5de598cd6853",
                "dbf0ebe7-4262-43c3-b329-b49390dbfd9a",
                "78239a01-2519-474b-b66b-e33b7b83dcb6",
                "19937ee3-14a5-43dd-94a3-d63592e3a005",
                "fa4b05e5-d2a9-4eae-b427-a73c3206b549",
                "725684df-8a2f-47f9-a7bd-80b144f4c6ee",
                "e9c0f92c-85e8-4ddb-9f8a-3c7f23952a1a"
              ],
              "timer": "bd85f23a-9eca-47be-8f31-36612e00e8ed"
            }
          ]
        },
        {
          "exercises": [
            "ddb46859-9b80-4e66-803a-151d9e939d44",
            "46e2a6da-f6fc-4a32-8a90-0556dee469ee",
            "7781fc97-b109-49e1-831b-4d4a7c19c9eb",
            "91edb4fe-42f9-4557-bb2d-2266fc345be7",
            "c5104ca8-f6ad-44d3-bc54-e6cb86921c93",
            "14e10267-d4f9-424b-b81c-8bdb05a9b2de",
            "e9c0f92c-85e8-4ddb-9f8a-3c7f23952a1a",
            "f5b567ff-04a3-49ba-889a-592e944533ce",
            "f80e0a65-bdb9-4a6a-90d8-99443a39763a",
            "cf6f9659-23f1-4940-a7de-5b732d3e1b72"
          ],
          "timersAssignments": [
            {
              "exercises": [
                "ddb46859-9b80-4e66-803a-151d9e939d44",
                "46e2a6da-f6fc-4a32-8a90-0556dee469ee",
                "7781fc97-b109-49e1-831b-4d4a7c19c9eb",
                "91edb4fe-42f9-4557-bb2d-2266fc345be7",
                "c5104ca8-f6ad-44d3-bc54-e6cb86921c93",
                "14e10267-d4f9-424b-b81c-8bdb05a9b2de",
                "e9c0f92c-85e8-4ddb-9f8a-3c7f23952a1a",
                "f5b567ff-04a3-49ba-889a-592e944533ce",
                "f80e0a65-bdb9-4a6a-90d8-99443a39763a",
                "cf6f9659-23f1-4940-a7de-5b732d3e1b72"
              ],
              "timer": "bd85f23a-9eca-47be-8f31-36612e00e8ed"
            }
          ]
        },
        {
          "exercises": [
            "0fab781c-8586-4540-86e3-9b6cc921f316",
            "9be31c9b-7ca2-44e6-8b59-904da0662015",
            "5a970c2b-7617-4fb1-8aef-5fadd91d5910",
            "2e49bf1b-2dd4-4063-92cf-d5a799cdfc89",
            "1fd2e834-2a1d-470b-8703-c2b9cffafd6d",
            "565d3910-0aba-4e5d-8c16-3eaf152ad593",
            "7477a42e-2f39-4410-8a3d-422380e05339",
            "2360ef99-508a-4af0-8f02-1ad960fcfdc4",
            "0e0bad23-0fff-432e-a11f-71198b9f173b",
            "adb21dbc-8c0e-49f5-8e54-e751567eec41"
          ],
          "timersAssignments": [
            {
              "exercises": [
                "0fab781c-8586-4540-86e3-9b6cc921f316",
                "9be31c9b-7ca2-44e6-8b59-904da0662015",
                "5a970c2b-7617-4fb1-8aef-5fadd91d5910",
                "2e49bf1b-2dd4-4063-92cf-d5a799cdfc89",
                "1fd2e834-2a1d-470b-8703-c2b9cffafd6d",
                "565d3910-0aba-4e5d-8c16-3eaf152ad593",
                "7477a42e-2f39-4410-8a3d-422380e05339",
                "2360ef99-508a-4af0-8f02-1ad960fcfdc4",
                "0e0bad23-0fff-432e-a11f-71198b9f173b",
                "adb21dbc-8c0e-49f5-8e54-e751567eec41"
              ],
              "timer": "bd85f23a-9eca-47be-8f31-36612e00e8ed"
            }
          ]
        },
        {
          "exercises": [
            "8984f754-b58c-458d-be39-9aef97821a1d",
            "2c71c914-b0c7-4b28-a340-a94af3463ad0",
            "ba32e14f-91e1-45fb-8bf9-43853fdbbd37",
            "a50fc38b-e18e-4959-9505-d395d414342a",
            "adb21dbc-8c0e-49f5-8e54-e751567eec41",
            "b7a37a56-73cf-4981-81fa-d9376a0aa62d",
            "e99bc345-d1a2-4266-96b5-5e00eac98c68",
            "26f93302-ddd7-49e2-8c4a-1a305ff00974",
            "1930ad08-1a9d-4783-960b-706f1a6d6881",
            "c02e1470-06b5-4efa-95bb-b708f6d2f9d6"
          ],
          "timersAssignments": [
            {
              "exercises": [
                "8984f754-b58c-458d-be39-9aef97821a1d",
                "2c71c914-b0c7-4b28-a340-a94af3463ad0",
                "ba32e14f-91e1-45fb-8bf9-43853fdbbd37",
                "a50fc38b-e18e-4959-9505-d395d414342a",
                "adb21dbc-8c0e-49f5-8e54-e751567eec41",
                "b7a37a56-73cf-4981-81fa-d9376a0aa62d",
                "e99bc345-d1a2-4266-96b5-5e00eac98c68",
                "26f93302-ddd7-49e2-8c4a-1a305ff00974",
                "1930ad08-1a9d-4783-960b-706f1a6d6881",
                "c02e1470-06b5-4efa-95bb-b708f6d2f9d6"
              ],
              "timer": "bd85f23a-9eca-47be-8f31-36612e00e8ed"
            }
          ]
        }
      ]
    },
    {
      "settings": [],
      "sortOrder": 20,
      "allowResult": true,
      "id": "015cb48d-0160-42da-ba3b-ef616ee13594",
      "exerciseGroups": [
        {
          "exercises": [
            "3e14c3db-9ead-4e37-81e0-6bcf51657e9a",
            "113fc5fb-e648-4e14-9ec9-13d3362debdd",
            "a8f5f4d0-1195-4aea-b40d-1b9f40670825",
            "e46c05d8-05be-43f2-af44-646437107a67",
            "ebf25271-13c5-46b2-89ad-6b6bf40c6d8e",
            "63545c63-f54f-470d-bd0c-2c4d856b7b29",
            "37b93937-6067-45e7-be59-e87fbb07a6f7"
          ],
          "timersAssignments": []
        },
        {
          "exercises": [
            "fc4869f3-4efc-412a-a3f3-d71728bbb268",
            "0e8d1c92-efcd-441a-8473-1330d52766a4",
            "feec9b5e-63fd-48f3-98ab-144e88cd5877",
            "9c267a42-1db8-4f1e-80d4-25ef05b1e9c8",
            "1e591e71-0646-46ec-837a-47799f5881bc",
            "49805c8b-2f84-4131-a00f-170040489d33",
            "a144d21f-206d-4ead-9c10-0b0eccadd11f"
          ],
          "timersAssignments": []
        },
        {
          "exercises": [
            "f7201542-2be2-4dc3-b03e-5ee7b01df4ba",
            "d4be24fa-a13a-46a9-8bea-5de2856101e6",
            "51b35eba-e361-477b-986d-b378b68a9df4",
            "65b9206c-c358-4cb2-8edb-5098bc91b816",
            "e47fc845-9880-4694-8e5f-3f5f11961c13",
            "09d93612-b69f-4941-b611-665a63481729",
            "3c646248-2d29-4983-9f3a-5508438cf37a"
          ],
          "timersAssignments": []
        }
      ]
    },
    {
      "settings": [],
      "sortOrder": 18,
      "allowResult": true,
      "id": "a95a592f-30d2-4ecc-85ca-4a2aa250a24f",
      "exerciseGroups": [
        {
          "exercises": [
            "0e0bad23-0fff-432e-a11f-71198b9f173b",
            "a27d435c-7975-40c1-bf28-1f0f4d59647e",
            "e99bc345-d1a2-4266-96b5-5e00eac98c68",
            "5a970c2b-7617-4fb1-8aef-5fadd91d5910",
            "2c71c914-b0c7-4b28-a340-a94af3463ad0",
            "1fd2e834-2a1d-470b-8703-c2b9cffafd6d",
            "cf6f9659-23f1-4940-a7de-5b732d3e1b72",
            "78239a01-2519-474b-b66b-e33b7b83dcb6",
            "14e10267-d4f9-424b-b81c-8bdb05a9b2de"
          ],
          "timersAssignments": [
            {
              "exercises": [
                "0e0bad23-0fff-432e-a11f-71198b9f173b",
                "a27d435c-7975-40c1-bf28-1f0f4d59647e",
                "e99bc345-d1a2-4266-96b5-5e00eac98c68",
                "5a970c2b-7617-4fb1-8aef-5fadd91d5910",
                "2c71c914-b0c7-4b28-a340-a94af3463ad0",
                "1fd2e834-2a1d-470b-8703-c2b9cffafd6d",
                "cf6f9659-23f1-4940-a7de-5b732d3e1b72",
                "78239a01-2519-474b-b66b-e33b7b83dcb6",
                "14e10267-d4f9-424b-b81c-8bdb05a9b2de"
              ],
              "timer": "2372312e-edc7-4602-b49c-e884e289b935"
            }
          ]
        },
        {
          "exercises": [
            "ba32e14f-91e1-45fb-8bf9-43853fdbbd37",
            "971a20f4-4138-4309-8253-5de598cd6853",
            "0b3b191d-bb67-45ef-a822-3074061274a9",
            "b7a37a56-73cf-4981-81fa-d9376a0aa62d",
            "c02e1470-06b5-4efa-95bb-b708f6d2f9d6",
            "16dff5fb-cbb5-45c2-bd5f-161e3e07594c",
            "1de25746-e181-4549-9d21-b0084efe602b",
            "565d3910-0aba-4e5d-8c16-3eaf152ad593",
            "19937ee3-14a5-43dd-94a3-d63592e3a005",
            "725684df-8a2f-47f9-a7bd-80b144f4c6ee"
          ],
          "timersAssignments": [
            {
              "exercises": [
                "ba32e14f-91e1-45fb-8bf9-43853fdbbd37",
                "971a20f4-4138-4309-8253-5de598cd6853",
                "0b3b191d-bb67-45ef-a822-3074061274a9",
                "b7a37a56-73cf-4981-81fa-d9376a0aa62d",
                "c02e1470-06b5-4efa-95bb-b708f6d2f9d6",
                "16dff5fb-cbb5-45c2-bd5f-161e3e07594c",
                "1de25746-e181-4549-9d21-b0084efe602b",
                "565d3910-0aba-4e5d-8c16-3eaf152ad593",
                "19937ee3-14a5-43dd-94a3-d63592e3a005",
                "725684df-8a2f-47f9-a7bd-80b144f4c6ee"
              ],
              "timer": "2372312e-edc7-4602-b49c-e884e289b935"
            }
          ]
        },
        {
          "exercises": [
            "adb21dbc-8c0e-49f5-8e54-e751567eec41",
            "1930ad08-1a9d-4783-960b-706f1a6d6881",
            "f67a9a35-fe9b-48c5-b758-a9422f030f16",
            "5ffd9b02-4f4a-4bc8-bc2d-603887b7f3ea",
            "2e49bf1b-2dd4-4063-92cf-d5a799cdfc89",
            "e2bdf765-87ce-4233-9f35-203e75267a21",
            "6904dfc8-9ef4-41e2-8d4e-fb298e9c5f3f",
            "f5b567ff-04a3-49ba-889a-592e944533ce",
            "ddb46859-9b80-4e66-803a-151d9e939d44",
            "c5104ca8-f6ad-44d3-bc54-e6cb86921c93"
          ],
          "timersAssignments": [
            {
              "exercises": [
                "adb21dbc-8c0e-49f5-8e54-e751567eec41",
                "1930ad08-1a9d-4783-960b-706f1a6d6881",
                "f67a9a35-fe9b-48c5-b758-a9422f030f16",
                "5ffd9b02-4f4a-4bc8-bc2d-603887b7f3ea",
                "2e49bf1b-2dd4-4063-92cf-d5a799cdfc89",
                "e2bdf765-87ce-4233-9f35-203e75267a21",
                "6904dfc8-9ef4-41e2-8d4e-fb298e9c5f3f",
                "f5b567ff-04a3-49ba-889a-592e944533ce",
                "ddb46859-9b80-4e66-803a-151d9e939d44",
                "c5104ca8-f6ad-44d3-bc54-e6cb86921c93"
              ],
              "timer": "2372312e-edc7-4602-b49c-e884e289b935"
            }
          ]
        },
        {
          "exercises": [
            "8984f754-b58c-458d-be39-9aef97821a1d",
            "0fab781c-8586-4540-86e3-9b6cc921f316",
            "985deefd-3035-4aab-b3dd-8f4ab1a68de0",
            "1b5da0e9-1d8c-4ea1-9651-fea82545f947",
            "5c382435-8988-400e-9fff-6f2688624d37",
            "91edb4fe-42f9-4557-bb2d-2266fc345be7",
            "7781fc97-b109-49e1-831b-4d4a7c19c9eb",
            "f46a4f60-df64-4b7c-83bf-0cae7ca8e5f2",
            "46e2a6da-f6fc-4a32-8a90-0556dee469ee"
          ],
          "timersAssignments": [
            {
              "exercises": [
                "8984f754-b58c-458d-be39-9aef97821a1d",
                "0fab781c-8586-4540-86e3-9b6cc921f316",
                "985deefd-3035-4aab-b3dd-8f4ab1a68de0",
                "1b5da0e9-1d8c-4ea1-9651-fea82545f947",
                "5c382435-8988-400e-9fff-6f2688624d37",
                "91edb4fe-42f9-4557-bb2d-2266fc345be7",
                "7781fc97-b109-49e1-831b-4d4a7c19c9eb",
                "f46a4f60-df64-4b7c-83bf-0cae7ca8e5f2",
                "46e2a6da-f6fc-4a32-8a90-0556dee469ee"
              ],
              "timer": "2372312e-edc7-4602-b49c-e884e289b935"
            }
          ]
        },
        {
          "exercises": [
            "a50fc38b-e18e-4959-9505-d395d414342a",
            "9be31c9b-7ca2-44e6-8b59-904da0662015",
            "4804f295-71bf-471e-96ac-1091a271ea3a",
            "fa4b05e5-d2a9-4eae-b427-a73c3206b549",
            "f73c07c0-1f82-4c08-aac1-e4ecdddc30b4",
            "7477a42e-2f39-4410-8a3d-422380e05339",
            "794bd4bc-6b58-4d89-ba9a-24df7bd3fd7d",
            "f80e0a65-bdb9-4a6a-90d8-99443a39763a",
            "26f93302-ddd7-49e2-8c4a-1a305ff00974",
            "e9c0f92c-85e8-4ddb-9f8a-3c7f23952a1a"
          ],
          "timersAssignments": [
            {
              "exercises": [
                "a50fc38b-e18e-4959-9505-d395d414342a",
                "9be31c9b-7ca2-44e6-8b59-904da0662015",
                "4804f295-71bf-471e-96ac-1091a271ea3a",
                "fa4b05e5-d2a9-4eae-b427-a73c3206b549",
                "f73c07c0-1f82-4c08-aac1-e4ecdddc30b4",
                "7477a42e-2f39-4410-8a3d-422380e05339",
                "794bd4bc-6b58-4d89-ba9a-24df7bd3fd7d",
                "f80e0a65-bdb9-4a6a-90d8-99443a39763a",
                "26f93302-ddd7-49e2-8c4a-1a305ff00974",
                "e9c0f92c-85e8-4ddb-9f8a-3c7f23952a1a"
              ],
              "timer": "2372312e-edc7-4602-b49c-e884e289b935"
            }
          ]
        }
      ]
    },
    {
      "settings": [],
      "sortOrder": 12,
      "allowResult": true,
      "id": "b3e7905a-4c51-4256-9ac2-28e4600e302b",
      "exerciseGroups": [
        {
          "exercises": [
            "7db3dac7-b450-4810-b8e0-33ada363da6f",
            "26507fdf-291b-4a2c-b702-3c6fdcd1c8f0",
            "e46c05d8-05be-43f2-af44-646437107a67",
            "ebf25271-13c5-46b2-89ad-6b6bf40c6d8e",
            "1e591e71-0646-46ec-837a-47799f5881bc",
            "373e449c-1e5c-4b1b-a5cb-2d84b0c7a3f9"
          ],
          "timersAssignments": []
        },
        {
          "exercises": [
            "569bb805-5431-4b38-b1cd-a06e8bdfa281",
            "feec9b5e-63fd-48f3-98ab-144e88cd5877",
            "1c0aaf56-ebb0-491d-bb8f-bcc8fdbb48bb",
            "e36a633b-d0e0-47b6-bbe3-4bc3ca8c335c",
            "89283f54-978e-4ecb-a178-ddb5e3e95857"
          ],
          "timersAssignments": []
        },
        {
          "exercises": [
            "efd64ab1-9030-4830-874f-d60864b38c94",
            "8706b254-be8e-44a4-b170-8b93ee7e24db",
            "e47fc845-9880-4694-8e5f-3f5f11961c13",
            "43599eed-cca8-40df-9b11-6940ab83616a",
            "a23bfe15-b176-4054-b9da-8e7f45d399d8",
            "3cadd85c-f481-40dd-9e37-b96cb54dffa5"
          ],
          "timersAssignments": []
        },
        {
          "exercises": [
            "3e14c3db-9ead-4e37-81e0-6bcf51657e9a",
            "51b35eba-e361-477b-986d-b378b68a9df4",
            "74904c9c-e17f-4bc9-ae64-039593675cb8",
            "09d93612-b69f-4941-b611-665a63481729",
            "104a7fe3-ca2d-48f8-b13c-f35eceb4e1f6",
            "49805c8b-2f84-4131-a00f-170040489d33"
          ],
          "timersAssignments": []
        }
      ]
    },
    {
      "settings": [],
      "sortOrder": 14,
      "allowResult": true,
      "id": "c9226e05-448e-45c4-a0f4-200296107285",
      "exerciseGroups": [
        {
          "exercises": [
            "569bb805-5431-4b38-b1cd-a06e8bdfa281",
            "7db3dac7-b450-4810-b8e0-33ada363da6f",
            "51b35eba-e361-477b-986d-b378b68a9df4",
            "09d93612-b69f-4941-b611-665a63481729",
            "9c267a42-1db8-4f1e-80d4-25ef05b1e9c8",
            "1e591e71-0646-46ec-837a-47799f5881bc"
          ],
          "timersAssignments": []
        },
        {
          "exercises": [
            "74904c9c-e17f-4bc9-ae64-039593675cb8",
            "feec9b5e-63fd-48f3-98ab-144e88cd5877",
            "e46c05d8-05be-43f2-af44-646437107a67",
            "efd64ab1-9030-4830-874f-d60864b38c94",
            "373e449c-1e5c-4b1b-a5cb-2d84b0c7a3f9",
            "104a7fe3-ca2d-48f8-b13c-f35eceb4e1f6"
          ],
          "timersAssignments": []
        },
        {
          "exercises": [
            "6bffb213-0561-4a7e-8986-2c46b5933789",
            "26507fdf-291b-4a2c-b702-3c6fdcd1c8f0",
            "1c0aaf56-ebb0-491d-bb8f-bcc8fdbb48bb",
            "1e591e71-0646-46ec-837a-47799f5881bc",
            "49805c8b-2f84-4131-a00f-170040489d33",
            "e47fc845-9880-4694-8e5f-3f5f11961c13"
          ],
          "timersAssignments": []
        }
      ]
    }
  ]
}