{
  "resourcePacks": {
    "exerciseImages": {
      "bucketName": "exercise-images-bucket",
      "version": "v4",
      "s3BaseUrl": "https://exercise-images-bucket.s3.eu-central-1.amazonaws.com/"
    },
    "presetupData": {
      "bucketName": "presetup-data-bucket",
      "version": "v4",
      "s3BaseUrl": "https://presetup-data-bucket.s3.eu-central-1.amazonaws.com/"
    },
    "translations": {
      "bucketName": "translations-i18n-bucket",
      "version": "v2",
      "s3BaseUrl": "https://translations-i18n-bucket.s3.eu-central-1.amazonaws.com/",
      "subVersions": {
        "general": "v3",
        "exercises": "v1",
        "workouts": "v1",
        "timers": "v1"
      }
    }
  },
  "apiUrl": null,
  "buildTarget": "offline",
  "bundleManifestUrl": "https://doworkoutapp.github.io/assets/updates/",
  "appVersion": "1.0.1",
  "generatedAt": "2026-01-18T10:43:15.186Z"
}