{
  "items": [
    {
      "settings": [],
      "sortOrder": 1,
      "allowResult": true,
      "id": "01237818-fd27-4cd3-9eb6-ed9a85e84d07",
      "exerciseGroups": [
        {
          "exercises": [
            "f73c07c0-1f82-4c08-aac1-e4ecdddc30b4",
            "1de25746-e181-4549-9d21-b0084efe602b",
            "f67a9a35-fe9b-48c5-b758-a9422f030f16",
            "0b3b191d-bb67-45ef-a822-3074061274a9",
            "6904dfc8-9ef4-41e2-8d4e-fb298e9c5f3f",
            "a27d435c-7975-40c1-bf28-1f0f4d59647e",
            "4804f295-71bf-471e-96ac-1091a271ea3a",
            "985deefd-3035-4aab-b3dd-8f4ab1a68de0",
            "794bd4bc-6b58-4d89-ba9a-24df7bd3fd7d",
            "5c382435-8988-400e-9fff-6f2688624d37"
          ],
          "timersAssignments": [
            {
              "exercises": [
                "f73c07c0-1f82-4c08-aac1-e4ecdddc30b4",
                "1de25746-e181-4549-9d21-b0084efe602b",
                "f67a9a35-fe9b-48c5-b758-a9422f030f16",
                "0b3b191d-bb67-45ef-a822-3074061274a9",
                "6904dfc8-9ef4-41e2-8d4e-fb298e9c5f3f",
                "a27d435c-7975-40c1-bf28-1f0f4d59647e",
                "4804f295-71bf-471e-96ac-1091a271ea3a",
                "985deefd-3035-4aab-b3dd-8f4ab1a68de0",
                "794bd4bc-6b58-4d89-ba9a-24df7bd3fd7d",
                "5c382435-8988-400e-9fff-6f2688624d37"
              ],
              "timer": "bd85f23a-9eca-47be-8f31-36612e00e8ed",
              "timerAssignmentMode": "simple"
            }
          ]
        },
        {
          "exercises": [
            "5ffd9b02-4f4a-4bc8-bc2d-603887b7f3ea",
            "1b5da0e9-1d8c-4ea1-9651-fea82545f947",
            "f46a4f60-df64-4b7c-83bf-0cae7ca8e5f2",
            "971a20f4-4138-4309-8253-5de598cd6853",
            "dbf0ebe7-4262-43c3-b329-b49390dbfd9a",
            "78239a01-2519-474b-b66b-e33b7b83dcb6",
            "19937ee3-14a5-43dd-94a3-d63592e3a005",
            "fa4b05e5-d2a9-4eae-b427-a73c3206b549",
            "725684df-8a2f-47f9-a7bd-80b144f4c6ee",
            "e9c0f92c-85e8-4ddb-9f8a-3c7f23952a1a"
          ],
          "timersAssignments": [
            {
              "exercises": [
                "5ffd9b02-4f4a-4bc8-bc2d-603887b7f3ea",
                "1b5da0e9-1d8c-4ea1-9651-fea82545f947",
                "f46a4f60-df64-4b7c-83bf-0cae7ca8e5f2",
                "971a20f4-4138-4309-8253-5de598cd6853",
                "dbf0ebe7-4262-43c3-b329-b49390dbfd9a",
                "78239a01-2519-474b-b66b-e33b7b83dcb6",
                "19937ee3-14a5-43dd-94a3-d63592e3a005",
                "fa4b05e5-d2a9-4eae-b427-a73c3206b549",
                "725684df-8a2f-47f9-a7bd-80b144f4c6ee",
                "e9c0f92c-85e8-4ddb-9f8a-3c7f23952a1a"
              ],
              "timer": "bd85f23a-9eca-47be-8f31-36612e00e8ed",
              "timerAssignmentMode": "simple"
            }
          ]
        },
        {
          "exercises": [
            "ddb46859-9b80-4e66-803a-151d9e939d44",
            "46e2a6da-f6fc-4a32-8a90-0556dee469ee",
            "7781fc97-b109-49e1-831b-4d4a7c19c9eb",
            "91edb4fe-42f9-4557-bb2d-2266fc345be7",
            "c5104ca8-f6ad-44d3-bc54-e6cb86921c93",
            "14e10267-d4f9-424b-b81c-8bdb05a9b2de",
            "e9c0f92c-85e8-4ddb-9f8a-3c7f23952a1a",
            "f5b567ff-04a3-49ba-889a-592e944533ce",
            "f80e0a65-bdb9-4a6a-90d8-99443a39763a",
            "cf6f9659-23f1-4940-a7de-5b732d3e1b72"
          ],
          "timersAssignments": [
            {
              "exercises": [
                "ddb46859-9b80-4e66-803a-151d9e939d44",
                "46e2a6da-f6fc-4a32-8a90-0556dee469ee",
                "7781fc97-b109-49e1-831b-4d4a7c19c9eb",
                "91edb4fe-42f9-4557-bb2d-2266fc345be7",
                "c5104ca8-f6ad-44d3-bc54-e6cb86921c93",
                "14e10267-d4f9-424b-b81c-8bdb05a9b2de",
                "e9c0f92c-85e8-4ddb-9f8a-3c7f23952a1a",
                "f5b567ff-04a3-49ba-889a-592e944533ce",
                "f80e0a65-bdb9-4a6a-90d8-99443a39763a",
                "cf6f9659-23f1-4940-a7de-5b732d3e1b72"
              ],
              "timer": "bd85f23a-9eca-47be-8f31-36612e00e8ed",
              "timerAssignmentMode": "simple"
            }
          ]
        },
        {
          "exercises": [
            "0fab781c-8586-4540-86e3-9b6cc921f316",
            "9be31c9b-7ca2-44e6-8b59-904da0662015",
            "5a970c2b-7617-4fb1-8aef-5fadd91d5910",
            "2e49bf1b-2dd4-4063-92cf-d5a799cdfc89",
            "1fd2e834-2a1d-470b-8703-c2b9cffafd6d",
            "565d3910-0aba-4e5d-8c16-3eaf152ad593",
            "7477a42e-2f39-4410-8a3d-422380e05339",
            "2360ef99-508a-4af0-8f02-1ad960fcfdc4",
            "0e0bad23-0fff-432e-a11f-71198b9f173b",
            "adb21dbc-8c0e-49f5-8e54-e751567eec41"
          ],
          "timersAssignments": [
            {
              "exercises": [
                "0fab781c-8586-4540-86e3-9b6cc921f316",
                "9be31c9b-7ca2-44e6-8b59-904da0662015",
                "5a970c2b-7617-4fb1-8aef-5fadd91d5910",
                "2e49bf1b-2dd4-4063-92cf-d5a799cdfc89",
                "1fd2e834-2a1d-470b-8703-c2b9cffafd6d",
                "565d3910-0aba-4e5d-8c16-3eaf152ad593",
                "7477a42e-2f39-4410-8a3d-422380e05339",
                "2360ef99-508a-4af0-8f02-1ad960fcfdc4",
                "0e0bad23-0fff-432e-a11f-71198b9f173b",
                "adb21dbc-8c0e-49f5-8e54-e751567eec41"
              ],
              "timer": "bd85f23a-9eca-47be-8f31-36612e00e8ed",
              "timerAssignmentMode": "simple"
            }
          ]
        },
        {
          "exercises": [
            "8984f754-b58c-458d-be39-9aef97821a1d",
            "2c71c914-b0c7-4b28-a340-a94af3463ad0",
            "ba32e14f-91e1-45fb-8bf9-43853fdbbd37",
            "a50fc38b-e18e-4959-9505-d395d414342a",
            "adb21dbc-8c0e-49f5-8e54-e751567eec41",
            "b7a37a56-73cf-4981-81fa-d9376a0aa62d",
            "e99bc345-d1a2-4266-96b5-5e00eac98c68",
            "26f93302-ddd7-49e2-8c4a-1a305ff00974",
            "1930ad08-1a9d-4783-960b-706f1a6d6881",
            "c02e1470-06b5-4efa-95bb-b708f6d2f9d6"
          ],
          "timersAssignments": [
            {
              "exercises": [
                "8984f754-b58c-458d-be39-9aef97821a1d",
                "2c71c914-b0c7-4b28-a340-a94af3463ad0",
                "ba32e14f-91e1-45fb-8bf9-43853fdbbd37",
                "a50fc38b-e18e-4959-9505-d395d414342a",
                "adb21dbc-8c0e-49f5-8e54-e751567eec41",
                "b7a37a56-73cf-4981-81fa-d9376a0aa62d",
                "e99bc345-d1a2-4266-96b5-5e00eac98c68",
                "26f93302-ddd7-49e2-8c4a-1a305ff00974",
                "1930ad08-1a9d-4783-960b-706f1a6d6881",
                "c02e1470-06b5-4efa-95bb-b708f6d2f9d6"
              ],
              "timer": "bd85f23a-9eca-47be-8f31-36612e00e8ed",
              "timerAssignmentMode": "simple"
            }
          ]
        }
      ]
    },
    {
      "settings": [],
      "sortOrder": 2,
      "allowResult": true,
      "id": "015cb48d-0160-42da-ba3b-ef616ee13594",
      "exerciseGroups": [
        {
          "exercises": [
            "3e14c3db-9ead-4e37-81e0-6bcf51657e9a",
            "113fc5fb-e648-4e14-9ec9-13d3362debdd",
            "a8f5f4d0-1195-4aea-b40d-1b9f40670825",
            "e46c05d8-05be-43f2-af44-646437107a67",
            "ebf25271-13c5-46b2-89ad-6b6bf40c6d8e",
            "63545c63-f54f-470d-bd0c-2c4d856b7b29",
            "37b93937-6067-45e7-be59-e87fbb07a6f7"
          ],
          "timersAssignments": []
        },
        {
          "exercises": [
            "fc4869f3-4efc-412a-a3f3-d71728bbb268",
            "0e8d1c92-efcd-441a-8473-1330d52766a4",
            "feec9b5e-63fd-48f3-98ab-144e88cd5877",
            "9c267a42-1db8-4f1e-80d4-25ef05b1e9c8",
            "1e591e71-0646-46ec-837a-47799f5881bc",
            "49805c8b-2f84-4131-a00f-170040489d33",
            "a144d21f-206d-4ead-9c10-0b0eccadd11f"
          ],
          "timersAssignments": []
        },
        {
          "exercises": [
            "f7201542-2be2-4dc3-b03e-5ee7b01df4ba",
            "d4be24fa-a13a-46a9-8bea-5de2856101e6",
            "51b35eba-e361-477b-986d-b378b68a9df4",
            "65b9206c-c358-4cb2-8edb-5098bc91b816",
            "e47fc845-9880-4694-8e5f-3f5f11961c13",
            "09d93612-b69f-4941-b611-665a63481729",
            "3c646248-2d29-4983-9f3a-5508438cf37a"
          ],
          "timersAssignments": []
        }
      ]
    },
    {
      "settings": [],
      "sortOrder": 3,
      "allowResult": true,
      "id": "a95a592f-30d2-4ecc-85ca-4a2aa250a24f",
      "exerciseGroups": [
        {
          "exercises": [
            "0e0bad23-0fff-432e-a11f-71198b9f173b",
            "a27d435c-7975-40c1-bf28-1f0f4d59647e",
            "e99bc345-d1a2-4266-96b5-5e00eac98c68",
            "5a970c2b-7617-4fb1-8aef-5fadd91d5910",
            "2c71c914-b0c7-4b28-a340-a94af3463ad0",
            "1fd2e834-2a1d-470b-8703-c2b9cffafd6d",
            "cf6f9659-23f1-4940-a7de-5b732d3e1b72",
            "78239a01-2519-474b-b66b-e33b7b83dcb6",
            "14e10267-d4f9-424b-b81c-8bdb05a9b2de"
          ],
          "timersAssignments": [
            {
              "exercises": [
                "0e0bad23-0fff-432e-a11f-71198b9f173b",
                "a27d435c-7975-40c1-bf28-1f0f4d59647e",
                "e99bc345-d1a2-4266-96b5-5e00eac98c68",
                "5a970c2b-7617-4fb1-8aef-5fadd91d5910",
                "2c71c914-b0c7-4b28-a340-a94af3463ad0",
                "1fd2e834-2a1d-470b-8703-c2b9cffafd6d",
                "cf6f9659-23f1-4940-a7de-5b732d3e1b72",
                "78239a01-2519-474b-b66b-e33b7b83dcb6",
                "14e10267-d4f9-424b-b81c-8bdb05a9b2de"
              ],
              "timer": "2372312e-edc7-4602-b49c-e884e289b935",
              "timerAssignmentMode": "simple"
            }
          ]
        },
        {
          "exercises": [
            "ba32e14f-91e1-45fb-8bf9-43853fdbbd37",
            "971a20f4-4138-4309-8253-5de598cd6853",
            "0b3b191d-bb67-45ef-a822-3074061274a9",
            "b7a37a56-73cf-4981-81fa-d9376a0aa62d",
            "c02e1470-06b5-4efa-95bb-b708f6d2f9d6",
            "16dff5fb-cbb5-45c2-bd5f-161e3e07594c",
            "1de25746-e181-4549-9d21-b0084efe602b",
            "565d3910-0aba-4e5d-8c16-3eaf152ad593",
            "19937ee3-14a5-43dd-94a3-d63592e3a005",
            "725684df-8a2f-47f9-a7bd-80b144f4c6ee"
          ],
          "timersAssignments": [
            {
              "exercises": [
                "ba32e14f-91e1-45fb-8bf9-43853fdbbd37",
                "971a20f4-4138-4309-8253-5de598cd6853",
                "0b3b191d-bb67-45ef-a822-3074061274a9",
                "b7a37a56-73cf-4981-81fa-d9376a0aa62d",
                "c02e1470-06b5-4efa-95bb-b708f6d2f9d6",
                "16dff5fb-cbb5-45c2-bd5f-161e3e07594c",
                "1de25746-e181-4549-9d21-b0084efe602b",
                "565d3910-0aba-4e5d-8c16-3eaf152ad593",
                "19937ee3-14a5-43dd-94a3-d63592e3a005",
                "725684df-8a2f-47f9-a7bd-80b144f4c6ee"
              ],
              "timer": "2372312e-edc7-4602-b49c-e884e289b935",
              "timerAssignmentMode": "simple"
            }
          ]
        },
        {
          "exercises": [
            "adb21dbc-8c0e-49f5-8e54-e751567eec41",
            "1930ad08-1a9d-4783-960b-706f1a6d6881",
            "f67a9a35-fe9b-48c5-b758-a9422f030f16",
            "5ffd9b02-4f4a-4bc8-bc2d-603887b7f3ea",
            "2e49bf1b-2dd4-4063-92cf-d5a799cdfc89",
            "e2bdf765-87ce-4233-9f35-203e75267a21",
            "6904dfc8-9ef4-41e2-8d4e-fb298e9c5f3f",
            "f5b567ff-04a3-49ba-889a-592e944533ce",
            "ddb46859-9b80-4e66-803a-151d9e939d44",
            "c5104ca8-f6ad-44d3-bc54-e6cb86921c93"
          ],
          "timersAssignments": [
            {
              "exercises": [
                "adb21dbc-8c0e-49f5-8e54-e751567eec41",
                "1930ad08-1a9d-4783-960b-706f1a6d6881",
                "f67a9a35-fe9b-48c5-b758-a9422f030f16",
                "5ffd9b02-4f4a-4bc8-bc2d-603887b7f3ea",
                "2e49bf1b-2dd4-4063-92cf-d5a799cdfc89",
                "e2bdf765-87ce-4233-9f35-203e75267a21",
                "6904dfc8-9ef4-41e2-8d4e-fb298e9c5f3f",
                "f5b567ff-04a3-49ba-889a-592e944533ce",
                "ddb46859-9b80-4e66-803a-151d9e939d44",
                "c5104ca8-f6ad-44d3-bc54-e6cb86921c93"
              ],
              "timer": "2372312e-edc7-4602-b49c-e884e289b935",
              "timerAssignmentMode": "simple"
            }
          ]
        },
        {
          "exercises": [
            "8984f754-b58c-458d-be39-9aef97821a1d",
            "0fab781c-8586-4540-86e3-9b6cc921f316",
            "985deefd-3035-4aab-b3dd-8f4ab1a68de0",
            "1b5da0e9-1d8c-4ea1-9651-fea82545f947",
            "5c382435-8988-400e-9fff-6f2688624d37",
            "91edb4fe-42f9-4557-bb2d-2266fc345be7",
            "7781fc97-b109-49e1-831b-4d4a7c19c9eb",
            "f46a4f60-df64-4b7c-83bf-0cae7ca8e5f2",
            "46e2a6da-f6fc-4a32-8a90-0556dee469ee"
          ],
          "timersAssignments": [
            {
              "exercises": [
                "8984f754-b58c-458d-be39-9aef97821a1d",
                "0fab781c-8586-4540-86e3-9b6cc921f316",
                "985deefd-3035-4aab-b3dd-8f4ab1a68de0",
                "1b5da0e9-1d8c-4ea1-9651-fea82545f947",
                "5c382435-8988-400e-9fff-6f2688624d37",
                "91edb4fe-42f9-4557-bb2d-2266fc345be7",
                "7781fc97-b109-49e1-831b-4d4a7c19c9eb",
                "f46a4f60-df64-4b7c-83bf-0cae7ca8e5f2",
                "46e2a6da-f6fc-4a32-8a90-0556dee469ee"
              ],
              "timer": "2372312e-edc7-4602-b49c-e884e289b935",
              "timerAssignmentMode": "simple"
            }
          ]
        },
        {
          "exercises": [
            "a50fc38b-e18e-4959-9505-d395d414342a",
            "9be31c9b-7ca2-44e6-8b59-904da0662015",
            "4804f295-71bf-471e-96ac-1091a271ea3a",
            "fa4b05e5-d2a9-4eae-b427-a73c3206b549",
            "f73c07c0-1f82-4c08-aac1-e4ecdddc30b4",
            "7477a42e-2f39-4410-8a3d-422380e05339",
            "794bd4bc-6b58-4d89-ba9a-24df7bd3fd7d",
            "f80e0a65-bdb9-4a6a-90d8-99443a39763a",
            "26f93302-ddd7-49e2-8c4a-1a305ff00974",
            "e9c0f92c-85e8-4ddb-9f8a-3c7f23952a1a"
          ],
          "timersAssignments": [
            {
              "exercises": [
                "a50fc38b-e18e-4959-9505-d395d414342a",
                "9be31c9b-7ca2-44e6-8b59-904da0662015",
                "4804f295-71bf-471e-96ac-1091a271ea3a",
                "fa4b05e5-d2a9-4eae-b427-a73c3206b549",
                "f73c07c0-1f82-4c08-aac1-e4ecdddc30b4",
                "7477a42e-2f39-4410-8a3d-422380e05339",
                "794bd4bc-6b58-4d89-ba9a-24df7bd3fd7d",
                "f80e0a65-bdb9-4a6a-90d8-99443a39763a",
                "26f93302-ddd7-49e2-8c4a-1a305ff00974",
                "e9c0f92c-85e8-4ddb-9f8a-3c7f23952a1a"
              ],
              "timer": "2372312e-edc7-4602-b49c-e884e289b935",
              "timerAssignmentMode": "simple"
            }
          ]
        }
      ]
    },
    {
      "settings": [],
      "sortOrder": 4,
      "allowResult": true,
      "id": "b3e7905a-4c51-4256-9ac2-28e4600e302b",
      "exerciseGroups": [
        {
          "exercises": [
            "7db3dac7-b450-4810-b8e0-33ada363da6f",
            "26507fdf-291b-4a2c-b702-3c6fdcd1c8f0",
            "e46c05d8-05be-43f2-af44-646437107a67",
            "ebf25271-13c5-46b2-89ad-6b6bf40c6d8e",
            "1e591e71-0646-46ec-837a-47799f5881bc",
            "373e449c-1e5c-4b1b-a5cb-2d84b0c7a3f9"
          ],
          "timersAssignments": []
        },
        {
          "exercises": [
            "569bb805-5431-4b38-b1cd-a06e8bdfa281",
            "feec9b5e-63fd-48f3-98ab-144e88cd5877",
            "1c0aaf56-ebb0-491d-bb8f-bcc8fdbb48bb",
            "e36a633b-d0e0-47b6-bbe3-4bc3ca8c335c",
            "89283f54-978e-4ecb-a178-ddb5e3e95857"
          ],
          "timersAssignments": []
        },
        {
          "exercises": [
            "efd64ab1-9030-4830-874f-d60864b38c94",
            "8706b254-be8e-44a4-b170-8b93ee7e24db",
            "e47fc845-9880-4694-8e5f-3f5f11961c13",
            "43599eed-cca8-40df-9b11-6940ab83616a",
            "a23bfe15-b176-4054-b9da-8e7f45d399d8",
            "3cadd85c-f481-40dd-9e37-b96cb54dffa5"
          ],
          "timersAssignments": []
        },
        {
          "exercises": [
            "3e14c3db-9ead-4e37-81e0-6bcf51657e9a",
            "51b35eba-e361-477b-986d-b378b68a9df4",
            "74904c9c-e17f-4bc9-ae64-039593675cb8",
            "09d93612-b69f-4941-b611-665a63481729",
            "104a7fe3-ca2d-48f8-b13c-f35eceb4e1f6",
            "49805c8b-2f84-4131-a00f-170040489d33"
          ],
          "timersAssignments": []
        }
      ]
    },
    {
      "settings": [],
      "sortOrder": 5,
      "allowResult": true,
      "id": "c9226e05-448e-45c4-a0f4-200296107285",
      "exerciseGroups": [
        {
          "exercises": [
            "569bb805-5431-4b38-b1cd-a06e8bdfa281",
            "7db3dac7-b450-4810-b8e0-33ada363da6f",
            "51b35eba-e361-477b-986d-b378b68a9df4",
            "09d93612-b69f-4941-b611-665a63481729",
            "9c267a42-1db8-4f1e-80d4-25ef05b1e9c8",
            "1e591e71-0646-46ec-837a-47799f5881bc"
          ],
          "timersAssignments": []
        },
        {
          "exercises": [
            "74904c9c-e17f-4bc9-ae64-039593675cb8",
            "feec9b5e-63fd-48f3-98ab-144e88cd5877",
            "e46c05d8-05be-43f2-af44-646437107a67",
            "efd64ab1-9030-4830-874f-d60864b38c94",
            "373e449c-1e5c-4b1b-a5cb-2d84b0c7a3f9",
            "104a7fe3-ca2d-48f8-b13c-f35eceb4e1f6"
          ],
          "timersAssignments": []
        },
        {
          "exercises": [
            "6bffb213-0561-4a7e-8986-2c46b5933789",
            "26507fdf-291b-4a2c-b702-3c6fdcd1c8f0",
            "1c0aaf56-ebb0-491d-bb8f-bcc8fdbb48bb",
            "1e591e71-0646-46ec-837a-47799f5881bc",
            "49805c8b-2f84-4131-a00f-170040489d33",
            "e47fc845-9880-4694-8e5f-3f5f11961c13"
          ],
          "timersAssignments": []
        }
      ]
    },
    {
      "settings": [],
      "sortOrder": 6,
      "allowResult": true,
      "id": "8da6bd73-9f93-4233-b6f7-f6c513bf2fad",
      "exerciseGroups": [
        {
          "exercises": [
            "113fc5fb-e648-4e14-9ec9-13d3362debdd",
            "fc4869f3-4efc-412a-a3f3-d71728bbb268",
            "5e855e83-37f8-469d-8d84-0b8c03262c07",
            "1c0aaf56-ebb0-491d-bb8f-bcc8fdbb48bb",
            "9c267a42-1db8-4f1e-80d4-25ef05b1e9c8",
            "fa7a9bcd-39a4-4ff3-b9ce-eb17f6882691"
          ],
          "timersAssignments": []
        },
        {
          "exercises": [
            "f7201542-2be2-4dc3-b03e-5ee7b01df4ba",
            "26507fdf-291b-4a2c-b702-3c6fdcd1c8f0",
            "0e8d1c92-efcd-441a-8473-1330d52766a4",
            "a069b6a7-bcda-4867-a3aa-01fcb38866c1",
            "c6a1165c-d746-4439-9e41-64948ac4b75e",
            "49805c8b-2f84-4131-a00f-170040489d33"
          ],
          "timersAssignments": []
        },
        {
          "exercises": [
            "6debe87d-6f15-4d34-842f-5f8f92b68a43",
            "a8f5f4d0-1195-4aea-b40d-1b9f40670825",
            "6ff340a3-3f12-4191-9f9d-2a7ae1d8fef6",
            "bd1b5975-4a39-4c83-8138-7466fce0fcf9",
            "86e98529-1bd3-4780-ac7c-5b86c6429b73",
            "e47fc845-9880-4694-8e5f-3f5f11961c13"
          ],
          "timersAssignments": []
        }
      ]
    },
    {
      "settings": [],
      "sortOrder": 7,
      "allowResult": false,
      "id": "8267ce0b-426f-4dc4-8e7b-5d21c0e34b67",
      "exerciseGroups": [
        {
          "exercises": [
            "c2b01266-31c9-46a8-981c-527a5e3d3a51",
            "1f54ac0e-4255-4f20-b68e-47e9fafd7e58",
            "ffd080cb-e9b7-4946-9fba-c5977825a6a5",
            "1e934245-491d-4c00-9133-492743507dd5",
            "19f0c282-9812-435f-95c6-743b133f1f9f",
            "bc90741f-f4eb-43f9-8eeb-b71d152cb0da",
            "cff40422-205a-438b-8dd7-78711973f4ab",
            "ed4447bf-c0e2-4a5a-8c6e-9b0b33a673fe",
            "36599688-f8a9-46c5-a416-658acf7c3a22",
            "07e7d077-7388-4ec8-a42d-05252abec0dd",
            "4047bed5-6b5f-4152-a8e1-02e578898f1c",
            "acfe8935-08bf-4fbf-bf7e-7bf4f753034c",
            "146795e3-9aa1-4292-a0d0-beda2c5554b4",
            "523663dd-b798-409b-9410-38ed7b3ea5ad",
            "7f2272c4-99ab-4e6b-8443-b6bed89c0a16",
            "308745da-7c2b-45f0-9f84-29fbb6e250fc",
            "bde6d18d-4a05-4bdd-b5cf-cb7b06ae541a",
            "f0e69243-13b9-4413-8887-42eca30d0038",
            "bac2cf93-1192-454e-92ad-deedae36d272",
            "92fd3f4b-a99d-4c64-ae5d-b852328a4d58"
          ],
          "timersAssignments": []
        }
      ]
    },
    {
      "settings": [],
      "sortOrder": 8,
      "allowResult": true,
      "id": "7449263a-b453-473a-8bd5-9283f33a4604",
      "exerciseGroups": [
        {
          "exercises": [
            "fc4869f3-4efc-412a-a3f3-d71728bbb268",
            "5e855e83-37f8-469d-8d84-0b8c03262c07",
            "0e8d1c92-efcd-441a-8473-1330d52766a4",
            "efd64ab1-9030-4830-874f-d60864b38c94",
            "86e98529-1bd3-4780-ac7c-5b86c6429b73",
            "f55fbfae-3756-4c65-8f8f-50bbc0bbb5d1",
            "c6a1165c-d746-4439-9e41-64948ac4b75e"
          ],
          "timersAssignments": []
        },
        {
          "exercises": [
            "113fc5fb-e648-4e14-9ec9-13d3362debdd",
            "53262a06-ed1d-4c46-875c-56f8378352f8",
            "a069b6a7-bcda-4867-a3aa-01fcb38866c1",
            "41a167b6-e1e7-4a49-b75d-d1af1a880e8a",
            "d6100e92-7b43-479c-9292-1bf5bc581853",
            "fa7a9bcd-39a4-4ff3-b9ce-eb17f6882691"
          ],
          "timersAssignments": []
        }
      ]
    },
    {
      "settings": [],
      "sortOrder": 9,
      "allowResult": true,
      "id": "2d59561f-73e2-434e-8104-25fb85111412",
      "exerciseGroups": [
        {
          "exercises": [            
            "3cb7ef5d-1427-483c-8ca3-fa5d8755c398",
            "ce381738-1d09-40ef-b989-95bef7c1c8f0",
            "e35f82b2-b3d2-46cc-9f8c-510849fcc7dd",
            "16cc14b8-abe6-4326-8e20-1ef1354677dd",
            "1c24bcb8-d523-4e60-9e69-8250a80b1fb3",
            "a89f7eeb-c470-4721-88ab-715d40d03336",
            "6983dd62-5d88-47e7-bfac-8d57725f61f1",
            "73062ff9-0cb9-4202-bba1-8b0bd4f35af2"
          ],
          "timersAssignments": [
            {
              "exercises": [
                "3cb7ef5d-1427-483c-8ca3-fa5d8755c398",
                "ce381738-1d09-40ef-b989-95bef7c1c8f0",
                "e35f82b2-b3d2-46cc-9f8c-510849fcc7dd",
                "16cc14b8-abe6-4326-8e20-1ef1354677dd",
                "1c24bcb8-d523-4e60-9e69-8250a80b1fb3",
                "a89f7eeb-c470-4721-88ab-715d40d03336",
                "6983dd62-5d88-47e7-bfac-8d57725f61f1",
                "73062ff9-0cb9-4202-bba1-8b0bd4f35af2"
              ],
              "timer": "b000fb14-7300-46e1-812e-6fc959acdca5",
              "timerAssignmentMode": "simple"
            }
          ]
        },
        {
          "exercises": [            
            "e0b552b1-7e3e-49a7-92bc-48a9e54fce30",
            "a21a3457-7112-4ef3-ac6b-e7b89923f73d",
            "5ea04d2c-dead-47f7-a2ad-c63247625148",
            "1eb05043-fe58-46cd-b087-06b9b80e04aa",
            "f2e071b0-262b-46f6-83b1-4f1f6b425907",
            "0c9df5fb-28d1-434d-87a9-8d9d2430974a",
            "3154c405-dde3-44bf-a204-9ad2a6033c2b",
            "aab58051-952a-4567-a2e9-cc9d0b33a232"
          ],
          "timersAssignments": [
            {
              "exercises": [
                "e0b552b1-7e3e-49a7-92bc-48a9e54fce30",
                "a21a3457-7112-4ef3-ac6b-e7b89923f73d",
                "5ea04d2c-dead-47f7-a2ad-c63247625148",
                "1eb05043-fe58-46cd-b087-06b9b80e04aa",
                "f2e071b0-262b-46f6-83b1-4f1f6b425907",
                "0c9df5fb-28d1-434d-87a9-8d9d2430974a",
                "3154c405-dde3-44bf-a204-9ad2a6033c2b",
                "aab58051-952a-4567-a2e9-cc9d0b33a232"
              ],
              "timer": "b000fb14-7300-46e1-812e-6fc959acdca5",
              "timerAssignmentMode": "simple"
            }
          ]
        }
      ]
    }
  ]
}