{
  "items": [
    {
      "id": "09d93612-b69f-4941-b611-665a63481729",
      "imgUrl": "02851301-Dumbbell-Alternate-Biceps-Curl_Upper-Arms_720.gif",
      "rest": 120,
      "recovery": 180,
      "rounds": 3,
      "bar": 0,
      "set": 0,
      "twoSides": false
    },
    {
      "id": "0b3b191d-bb67-45ef-a822-3074061274a9",
      "imgUrl": "26971301-Diamond-Push-up-(female)_Upper-Arms_720.gif",
      "rounds": 0,
      "bar": 0,
      "twoSides": false
    },
    {
      "id": "0e0bad23-0fff-432e-a11f-71198b9f173b",
      "imgUrl": "56841301-Crossed-Arms-Front-Leg-Kick-(female)_Plyometrics_720.gif",
      "rounds": 0,
      "bar": 0,
      "twoSides": false
    },
    {
      "id": "0e8d1c92-efcd-441a-8473-1330d52766a4",
      "imgUrl": "22421301-Barbell-Bent-Over-Row-(female)_Back_720.gif",
      "rest": 120,
      "recovery": 180,
      "rounds": 4,
      "bar": 0,
      "set": 0,
      "twoSides": false
    },
    {
      "id": "0fab781c-8586-4540-86e3-9b6cc921f316",
      "imgUrl": "39521301-High-Knees-Lunge-(female)_Cardio_720.gif",
      "rounds": 0,
      "bar": 0,
      "twoSides": true,
      "isDeleted": false
    },
    {
      "id": "104a7fe3-ca2d-48f8-b13c-f35eceb4e1f6",
      "imgUrl": "02971301-Dumbbell-Concentration-Curl_Upper-Arms-FIX_720.gif",
      "rest": 120,
      "recovery": 180,
      "rounds": 3,
      "bar": 0,
      "set": 0,
      "twoSides": false
    },
    {
      "id": "113fc5fb-e648-4e14-9ec9-13d3362debdd",
      "imgUrl": "14361301-Barbell-High-Bar-Squat_Thighs_720.gif",
      "rest": 120,
      "recovery": 180,
      "rounds": 4,
      "bar": 0,
      "set": 0,
      "twoSides": false
    },
    {
      "id": "137e3bc6-db2c-4fcc-b13c-860f7651ab5d",
      "imgUrl": "56321301-Barbell-Shoulder-Grip-Upright-Row-(male)_Shoulders_720.gif",
      "rest": 120,
      "recovery": 180,
      "rounds": 4,
      "bar": 0,
      "set": 0,
      "twoSides": false
    },
    {
      "id": "14e10267-d4f9-424b-b81c-8bdb05a9b2de",
      "imgUrl": "62071301-Side-Plank-Leg-Lift-(left)-(male)_Waist_720.gif",
      "rounds": 0,
      "bar": 0,
      "twoSides": false
    },
    {
      "id": "16dff5fb-cbb5-45c2-bd5f-161e3e07594c",
      "imgUrl": "40001301-Static-Lunge_Thighs_720.gif",
      "rounds": 0,
      "bar": 0,
      "twoSides": true
    },
    {
      "id": "1930ad08-1a9d-4783-960b-706f1a6d6881",
      "imgUrl": "04421301-Elbow-To-Knee-Twists_Cardio_720.gif",
      "rounds": 0,
      "bar": 0,
      "twoSides": false
    },
    {
      "id": "19937ee3-14a5-43dd-94a3-d63592e3a005",
      "imgUrl": "59381301-Russian-Twist-Chop-(female)_Waist_720.gif",
      "rounds": 0,
      "bar": 0,
      "twoSides": false
    },
    {
      "id": "1b5da0e9-1d8c-4ea1-9651-fea82545f947",
      "imgUrl": "39691301-Tuck-Up-(female)_Waist_720.gif",
      "rounds": 0,
      "bar": 0,
      "twoSides": false
    },
    {
      "id": "1c0aaf56-ebb0-491d-bb8f-bcc8fdbb48bb",
      "imgUrl": "14591301-Dumbbell-Romanian-Deadlift_Hips_720.gif",
      "rest": 120,
      "recovery": 180,
      "rounds": 3,
      "bar": 0,
      "set": 0,
      "twoSides": false
    },
    {
      "id": "1de25746-e181-4549-9d21-b0084efe602b",
      "imgUrl": "40371301-Wide-Hand-Push-up-(female)_Chest_720.gif",
      "rounds": 0,
      "bar": 0,
      "twoSides": false
    },
    {
      "id": "1e591e71-0646-46ec-837a-47799f5881bc",
      "imgUrl": "21891301-Dumbbells-Seated-Triceps-Extension_Upper-Arms_720.gif",
      "rest": 120,
      "recovery": 180,
      "rounds": 3,
      "bar": 0,
      "set": 0,
      "twoSides": false
    },
    {
      "id": "1fd2e834-2a1d-470b-8703-c2b9cffafd6d",
      "imgUrl": "34371301-Spider-Crawl-Push-up-(female)_Hips_720.gif",
      "rounds": 0,
      "bar": 0,
      "twoSides": false
    },
    {
      "id": "2360ef99-508a-4af0-8f02-1ad960fcfdc4",
      "imgUrl": "16851301-Squat-to-Overhead-Reach_Plyometrics_720.gif",
      "rounds": 0,
      "bar": 0,
      "twoSides": false
    },
    {
      "id": "23778ced-91de-4fe1-9a65-8f9b73df0640",
      "imgUrl": "03101301-Dumbbell-Front-Raise_Shoulders-FIX_720.gif",
      "rest": 120,
      "recovery": 180,
      "rounds": 3,
      "bar": 0,
      "set": 0,
      "twoSides": false
    },
    {
      "id": "2478e435-945e-40a4-9c64-6cd566be006b",
      "imgUrl": "01121301-Barbell-Standing-Twist_Waist-FIX_720.gif",
      "rest": 120,
      "recovery": 180,
      "rounds": 4,
      "bar": 0,
      "set": 0,
      "twoSides": false
    },
    {
      "id": "26507fdf-291b-4a2c-b702-3c6fdcd1c8f0",
      "imgUrl": "41841301-Dumbbell-Banded-Bench-Press_Chest_720.gif",
      "rest": 120,
      "recovery": 180,
      "rounds": 3,
      "bar": 0,
      "set": 0,
      "twoSides": false
    },
    {
      "id": "26f93302-ddd7-49e2-8c4a-1a305ff00974",
      "imgUrl": "02621301-Cross-Body-Crunch_waist_720.gif",
      "rounds": 0,
      "bar": 0,
      "twoSides": false
    },
    {
      "id": "2c71c914-b0c7-4b28-a340-a94af3463ad0",
      "imgUrl": "49501301-Bodyweight-Forward-Lunge-(Smaller-Stance-Upright-Torso)_Thighs_720.gif",
      "rounds": 0,
      "bar": 0,
      "twoSides": false
    },
    {
      "id": "2e49bf1b-2dd4-4063-92cf-d5a799cdfc89",
      "imgUrl": "45481301-Burpee-Squat_Plyometrics_720.gif",
      "rounds": 0,
      "bar": 0,
      "twoSides": false
    },
    {
      "id": "373e449c-1e5c-4b1b-a5cb-2d84b0c7a3f9",
      "imgUrl": "17411301-Dumbbell-Standing-Bent-Over-Two-Arm-Triceps-Extension_Upper-Arms_720.gif",
      "rest": 120,
      "recovery": 180,
      "rounds": 3,
      "bar": 0,
      "set": 0,
      "twoSides": false
    },
    {
      "id": "37b93937-6067-45e7-be59-e87fbb07a6f7",
      "imgUrl": "00951301-Barbell-Shrug_Back_720.gif",
      "rest": 120,
      "recovery": 180,
      "rounds": 4,
      "bar": 0,
      "set": 0,
      "twoSides": false
    },
    {
      "id": "3c646248-2d29-4983-9f3a-5508438cf37a",
      "imgUrl": "26301301-Dumbbell-Over-Bench-Revers-Wrist-Curl-(female)_Forearms_720.gif",
      "rest": 120,
      "recovery": 180,
      "rounds": 3,
      "bar": 0,
      "set": 0,
      "twoSides": false
    },
    {
      "id": "3cadd85c-f481-40dd-9e37-b96cb54dffa5",
      "imgUrl": "43411301-Dumbbell-Alternate-Front-Raise-(female)_Shoulders_720.gif",
      "rest": 120,
      "recovery": 180,
      "rounds": 3,
      "bar": 0,
      "set": 0,
      "twoSides": false
    },
    {
      "id": "3e14c3db-9ead-4e37-81e0-6bcf51657e9a",
      "imgUrl": "06521301-Pull-up_Back_720.gif",
      "rest": 120,
      "recovery": 180,
      "rounds": 4,
      "bar": 0,
      "set": 0,
      "twoSides": false
    },
    {
      "id": "4255681b-0853-408c-b69c-dc9376ae43dd",
      "imgUrl": "26921301-Barbell-Lying-Triceps-Extension-(female)_Upper-Arms_720.gif",
      "rest": 120,
      "recovery": 180,
      "rounds": 4,
      "bar": 0,
      "set": 0,
      "twoSides": false
    },
    {
      "id": "43599eed-cca8-40df-9b11-6940ab83616a",
      "imgUrl": "04271301-Dumbbell-Standing-Palms-In-Press_Shoulders_720.gif",
      "rest": 120,
      "recovery": 180,
      "rounds": 3,
      "bar": 0,
      "set": 0,
      "twoSides": false
    },
    {
      "id": "46e2a6da-f6fc-4a32-8a90-0556dee469ee",
      "imgUrl": "36631301-Reverse-Plank-with-Leg-Lift_Hips_720.gif",
      "rounds": 0,
      "bar": 0,
      "twoSides": false
    },
    {
      "id": "4804f295-71bf-471e-96ac-1091a271ea3a",
      "imgUrl": "48581301-Lateral-Walk-Push-up_Chest_720.gif",
      "rounds": 0,
      "bar": 0,
      "twoSides": false
    },
    {
      "id": "49805c8b-2f84-4131-a00f-170040489d33",
      "imgUrl": "61471301-Dumbbell-Alternate-Hammer-Srtict-Curl_Upper-Arms_720.gif",
      "rest": 120,
      "recovery": 180,
      "rounds": 3,
      "bar": 0,
      "set": 0,
      "twoSides": false
    },
    {
      "id": "4a46db0e-01c1-43a5-a164-3a6ddfba2dd7",
      "imgUrl": "14121301-Barbell-Palms-Up-Wrist-Curl-Over-A-Bench_Forearms_720.gif",
      "rest": 120,
      "recovery": 180,
      "rounds": 4,
      "bar": 0,
      "set": 0,
      "twoSides": false
    },
    {
      "id": "4ca8f4b5-9682-4aa4-accd-a2e81310169e",
      "imgUrl": "24031301-Dumbbell-Alternate-Biceps-Curl-(with-arm-blaster)_Upper-arms_720.gif",
      "rest": 120,
      "recovery": 180,
      "rounds": 3,
      "bar": 0,
      "set": 0,
      "twoSides": false
    },
    {
      "id": "51b35eba-e361-477b-986d-b378b68a9df4",
      "imgUrl": "02931301-Dumbbell-Bent-Over-Row_Back-FIX_720.gif",
      "rest": 120,
      "recovery": 180,
      "rounds": 3,
      "bar": 0,
      "set": 0,
      "twoSides": false
    },
    {
      "id": "53262a06-ed1d-4c46-875c-56f8378352f8",
      "imgUrl": "22131301-Barbell-Romanian-Deadlift-(female)_Hips-FIX_720.gif",
      "rest": 120,
      "recovery": 180,
      "rounds": 4,
      "bar": 0,
      "set": 0,
      "twoSides": false
    },
    {
      "id": "565d3910-0aba-4e5d-8c16-3eaf152ad593",
      "imgUrl": "43721301-Crocodile-Yoga-Pose_Stretching_720.gif",
      "rounds": 0,
      "bar": 0,
      "twoSides": false
    },
    {
      "id": "569bb805-5431-4b38-b1cd-a06e8bdfa281",
      "imgUrl": "29661301-Dumbbell-Front-Squat_Thighs_720.gif",
      "rest": 120,
      "recovery": 180,
      "rounds": 3,
      "bar": 0,
      "set": 0,
      "twoSides": false
    },
    {
      "id": "5a970c2b-7617-4fb1-8aef-5fadd91d5910",
      "imgUrl": "14711301-Inchworm_Waist_720.gif",
      "rounds": 0,
      "bar": 0,
      "twoSides": false
    },
    {
      "id": "5c382435-8988-400e-9fff-6f2688624d37",
      "imgUrl": "08151301-Triceps-Dips-Floor_Upper-Arms_720.gif",
      "rounds": 0,
      "bar": 0,
      "twoSides": false
    },
    {
      "id": "5ffd9b02-4f4a-4bc8-bc2d-603887b7f3ea",
      "imgUrl": "32041301-Arms-Overhead-Full-Sit-up-(male)_720.gif",
      "rounds": 0,
      "bar": 0,
      "twoSides": false
    },
    {
      "id": "63545c63-f54f-470d-bd0c-2c4d856b7b29",
      "imgUrl": "00801301-Barbell-Reverse-Curl_Forearms-FIX_720.gif",
      "rest": 120,
      "recovery": 180,
      "rounds": 4,
      "bar": 0,
      "set": 0,
      "twoSides": false
    },
    {
      "id": "65b9206c-c358-4cb2-8edb-5098bc91b816",
      "imgUrl": "81431301-Triceps-Dip-on-High-Parallel-Bars-(male)_Upper-Arms_720.gif",
      "rest": 120,
      "recovery": 180,
      "rounds": 4,
      "bar": 0,
      "set": 0,
      "twoSides": false
    },
    {
      "id": "6904dfc8-9ef4-41e2-8d4e-fb298e9c5f3f",
      "imgUrl": "29211301-Pike-Push-up_Chest_720.gif",
      "rounds": 0,
      "bar": 0,
      "twoSides": false
    },
    {
      "id": "6bffb213-0561-4a7e-8986-2c46b5933789",
      "imgUrl": "40301301-Dumbbell-Bar-Grip-Sumo-Squat-(male)_Hips_720.gif",
      "rest": 120,
      "recovery": 180,
      "rounds": 3,
      "bar": 0,
      "set": 0,
      "twoSides": false
    },
    {
      "id": "725684df-8a2f-47f9-a7bd-80b144f4c6ee",
      "imgUrl": "39531301-Spider-Plank-(female)_Hips_720.gif",
      "rounds": 0,
      "bar": 0,
      "twoSides": false
    },
    {
      "id": "7477a42e-2f39-4410-8a3d-422380e05339",
      "imgUrl": "45521301-Diagonal-Lunge_Plyometrics_720.gif",
      "rounds": 0,
      "bar": 0,
      "twoSides": false
    },
    {
      "id": "74904c9c-e17f-4bc9-ae64-039593675cb8",
      "imgUrl": "13291301-Dumbbell-Palm-Rotational-Bent-Over-Row_Back_720.gif",
      "rest": 120,
      "recovery": 180,
      "rounds": 3,
      "bar": 0,
      "set": 0,
      "twoSides": false
    },
    {
      "id": "74c560ba-7eb1-46f0-a3ca-4574250eff82",
      "imgUrl": "00331301-Barbell-Decline-Bench-Press_Chest_720.gif",
      "rest": 120,
      "recovery": 180,
      "rounds": 4,
      "bar": 0,
      "set": 0,
      "twoSides": false
    },
    {
      "id": "75ffa83e-bbe2-4e7a-a5c7-3999780a7f4f",
      "imgUrl": "00421301-Barbell-Front-Squat_Hips-FIX_720.gif",
      "rest": 120,
      "recovery": 180,
      "rounds": 4,
      "bar": 0,
      "set": 0,
      "twoSides": false
    },
    {
      "id": "7781fc97-b109-49e1-831b-4d4a7c19c9eb",
      "imgUrl": "28971301-Front-Plank-with-Arm-and-Leg-Lift-(push-up-position)-(female)_720.gif",
      "rounds": 0,
      "bar": 0,
      "twoSides": false
    },
    {
      "id": "78239a01-2519-474b-b66b-e33b7b83dcb6",
      "imgUrl": "94871301-Siting-Floor-Leg-Raise-(male)_Waist_720.gif",
      "rounds": 0,
      "bar": 0,
      "twoSides": false
    },
    {
      "id": "794bd4bc-6b58-4d89-ba9a-24df7bd3fd7d",
      "imgUrl": "100501301-Superman-to-Push-Up-(male)_Hips_720.gif",
      "rounds": 0,
      "bar": 0,
      "twoSides": false
    },
    {
      "id": "7db3dac7-b450-4810-b8e0-33ada363da6f",
      "imgUrl": "06621301-Push-up-m_Chest-FIX_720.gif",
      "rest": 120,
      "recovery": 180,
      "rounds": 4,
      "bar": 0,
      "set": 0,
      "twoSides": false
    },
    {
      "id": "83bfa641-cc51-4afc-8c7b-63bc09d136d9",
      "imgUrl": "00311301-Barbell-Curl_Upper-Arms-FIX_720.gif",
      "rest": 120,
      "recovery": 180,
      "rounds": 4,
      "bar": 0,
      "set": 0,
      "twoSides": false
    },
    {
      "id": "8706b254-be8e-44a4-b170-8b93ee7e24db",
      "imgUrl": "56311301-Dumbbell-Standing-Bent-Arm-Lateral-raise-(male)_Shoulders_720.gif",
      "rest": 120,
      "recovery": 180,
      "rounds": 3,
      "bar": 0,
      "set": 0,
      "twoSides": false
    },
    {
      "id": "89283f54-978e-4ecb-a178-ddb5e3e95857",
      "imgUrl": "81921301-Dumbbell-Sumo-Deadlift-(male)_Hips_720.gif",
      "rest": 120,
      "recovery": 180,
      "rounds": 3,
      "bar": 0,
      "set": 0,
      "twoSides": false
    },
    {
      "id": "8984f754-b58c-458d-be39-9aef97821a1d",
      "imgUrl": "47141301-Air-Squat-(VERSION-2)_Thighs_720.gif",
      "rounds": 0,
      "bar": 0,
      "twoSides": false
    },
    {
      "id": "91edb4fe-42f9-4557-bb2d-2266fc345be7",
      "imgUrl": "29781301-Elbow-Up-and-Down-Dynamic-Plank_720.gif",
      "rounds": 0,
      "bar": 0,
      "twoSides": false
    },
    {
      "id": "971a20f4-4138-4309-8253-5de598cd6853",
      "imgUrl": "58461301-Cross-Standing-Crunch-(male)_Waist_720.gif",
      "rounds": 0,
      "bar": 0,
      "twoSides": false
    },
    {
      "id": "985deefd-3035-4aab-b3dd-8f4ab1a68de0",
      "imgUrl": "41621301-Push-up-to-Knee-Tap-(male)_Plyometric_720.gif",
      "rounds": 0,
      "bar": 0,
      "twoSides": false
    },
    {
      "id": "9be31c9b-7ca2-44e6-8b59-904da0662015",
      "imgUrl": "08271301-Vertical-Mountain-Climber_Cardio_720.gif",
      "rounds": 0,
      "bar": 0,
      "twoSides": false
    },
    {
      "id": "9c267a42-1db8-4f1e-80d4-25ef05b1e9c8",
      "imgUrl": "03341301-Dumbbell-Lateral-Raise_shoulder-AFIX_720.gif",
      "rest": 120,
      "recovery": 180,
      "rounds": 3,
      "bar": 0,
      "set": 0,
      "twoSides": false
    },
    {
      "id": "9cd6460e-d363-4f76-a532-a622ee2cbb88",
      "imgUrl": "23791301-Chin-Up-(female)_Back_720.gif",
      "rest": 120,
      "recovery": 180,
      "rounds": 4,
      "bar": 0,
      "set": 0,
      "twoSides": false
    },
    {
      "id": "9da2cef0-88a1-4e67-9581-6e938c1b8ac9",
      "imgUrl": "00491301-Barbell-Incline-Row_Back-FIX_720.gif",
      "rest": 120,
      "recovery": 180,
      "rounds": 4,
      "bar": 0,
      "set": 0,
      "twoSides": false
    },
    {
      "id": "a144d21f-206d-4ead-9c10-0b0eccadd11f",
      "imgUrl": "04171301-Dumbbell-Standing-Calf-Raise_Calf_720.gif",
      "rest": 120,
      "recovery": 180,
      "rounds": 3,
      "bar": 0,
      "set": 0,
      "twoSides": false
    },
    {
      "id": "a23bfe15-b176-4054-b9da-8e7f45d399d8",
      "imgUrl": "61421301-Dumbbell-Seated-Reverse-Arnold-Press-(male)_Shoulders_720.gif",
      "rest": 120,
      "recovery": 180,
      "rounds": 3,
      "bar": 0,
      "set": 0,
      "twoSides": false
    },
    {
      "id": "a27d435c-7975-40c1-bf28-1f0f4d59647e",
      "imgUrl": "39471301-Hands-Release-Push-up-(female)_Chest_720.gif",
      "rounds": 0,
      "bar": 0,
      "twoSides": false
    },
    {
      "id": "a50fc38b-e18e-4959-9505-d395d414342a",
      "imgUrl": "49361301-Sumo-Air-Squat_Hips_720.gif",
      "rounds": 0,
      "bar": 0,
      "twoSides": false
    },
    {
      "id": "a8f5f4d0-1195-4aea-b40d-1b9f40670825",
      "imgUrl": "11651301-Barbell-Standing-Military-Press-(without-rack)_Shoulders-FIX_720.gif",
      "rest": 120,
      "recovery": 180,
      "rounds": 4,
      "bar": 0,
      "set": 0,
      "twoSides": false
    },
    {
      "id": "adb21dbc-8c0e-49f5-8e54-e751567eec41",
      "imgUrl": "47031301-Bodyweight-Full-Squat-With-Overhead-Press-(Version-2)_Plyometrics_720.gif",
      "rounds": 0,
      "bar": 0,
      "twoSides": false
    },
    {
      "id": "b311e2ff-bef2-4dad-b7db-2ec471652bef",
      "imgUrl": "13161301-Barbell-Bent-Arm-Pullover_Back_720.gif",
      "rest": 120,
      "recovery": 180,
      "rounds": 4,
      "bar": 0,
      "set": 0,
      "twoSides": false
    },
    {
      "id": "b7a37a56-73cf-4981-81fa-d9376a0aa62d",
      "imgUrl": "02661301-Crunch-(arms-straight)_waist_720.gif",
      "rounds": 0,
      "bar": 0,
      "twoSides": false
    },
    {
      "id": "b8c4a19b-b92f-4c08-a392-dd10143ebe23",
      "imgUrl": "00541301-Barbell-Lunge_Thighs_720.gif",
      "rest": 120,
      "recovery": 180,
      "rounds": 4,
      "bar": 0,
      "set": 0,
      "twoSides": false
    },
    {
      "id": "ba32e14f-91e1-45fb-8bf9-43853fdbbd37",
      "imgUrl": "51771301-Curtsey-Squat-(female)_Thighs_720.gif",
      "rounds": 0,
      "bar": 0,
      "twoSides": false
    },
    {
      "id": "bd1b5975-4a39-4c83-8138-7466fce0fcf9",
      "imgUrl": "22161301-Barbell-Hip-Thrust-(female)_Hips_720.gif",
      "rounds": 0,
      "bar": 0,
      "twoSides": false
    },
    {
      "id": "c02e1470-06b5-4efa-95bb-b708f6d2f9d6",
      "imgUrl": "71721301-Table-Top-Bridge-(female)_Hips_720.gif",
      "rounds": 0,
      "bar": 0,
      "twoSides": false
    },
    {
      "id": "c1346712-03aa-4856-9d76-6fef5e2fab70",
      "imgUrl": "48161301-Dumbbell-Goblet-2-sec-Hold-Squat_Thighs_720.gif",
      "rest": 120,
      "recovery": 180,
      "rounds": 3,
      "bar": 0,
      "set": 0,
      "twoSides": false
    },
    {
      "id": "c5104ca8-f6ad-44d3-bc54-e6cb86921c93",
      "imgUrl": "40231301-Front-Plank-to-Toe-Tap-(male)_Hips_720.gif",
      "rounds": 0,
      "bar": 0,
      "twoSides": false
    },
    {
      "id": "c720eaef-1be3-4b61-8186-a847c2134f0a",
      "imgUrl": "03731301-Dumbbell-Pronate-grip-Triceps-Extension_Upper-Arms_720.gif",
      "rest": 120,
      "recovery": 180,
      "rounds": 3,
      "bar": 0,
      "set": 0,
      "twoSides": false
    },
    {
      "id": "cf6f9659-23f1-4940-a7de-5b732d3e1b72",
      "imgUrl": "13521301-Lower-Back-Curl_Back_720.gif",
      "rounds": 0,
      "bar": 0,
      "twoSides": false
    },
    {
      "id": "d4be24fa-a13a-46a9-8bea-5de2856101e6",
      "imgUrl": "00471301-Barbell-Incline-Bench-Press_Chest_720.gif",
      "rest": 120,
      "recovery": 180,
      "rounds": 4,
      "bar": 0,
      "set": 0,
      "twoSides": false
    },
    {
      "id": "d6100e92-7b43-479c-9292-1bf5bc581853",
      "imgUrl": "13721301-Barbell-Standing-Calf-Raise_Calves_720.gif",
      "rest": 120,
      "recovery": 180,
      "rounds": 4,
      "bar": 0,
      "set": 0,
      "twoSides": false
    },
    {
      "id": "dbf0ebe7-4262-43c3-b329-b49390dbfd9a",
      "imgUrl": "43661301-Standing-Side-Crunch_Waist_720.gif",
      "rounds": 0,
      "bar": 0,
      "twoSides": false
    },
    {
      "id": "ddb46859-9b80-4e66-803a-151d9e939d44",
      "imgUrl": "24711301-Glute-Bridge-Two-Legs-on-Floor_Hips_720.gif",
      "rounds": 0,
      "bar": 0,
      "twoSides": false
    },
    {
      "id": "e2bdf765-87ce-4233-9f35-203e75267a21",
      "imgUrl": "15811301-Bodyweight-Rear-Lunge_Thighs-FIX_720.gif",
      "rounds": 0,
      "bar": 0,
      "twoSides": true
    },
    {
      "id": "e36a633b-d0e0-47b6-bbe3-4bc3ca8c335c",
      "imgUrl": "22901301-Dumbbell-Bulgarian-Split-Squat-(female)_Thighs_720.gif",
      "rest": 120,
      "recovery": 180,
      "rounds": 3,
      "bar": 0,
      "set": 0,
      "twoSides": true
    },
    {
      "id": "e46c05d8-05be-43f2-af44-646437107a67",
      "imgUrl": "03081301-Dumbbell-Fly_Chest-FIX_720.gif",
      "rest": 120,
      "recovery": 180,
      "rounds": 3,
      "bar": 0,
      "set": 0,
      "twoSides": false
    },
    {
      "id": "e47fc845-9880-4694-8e5f-3f5f11961c13",
      "imgUrl": "03801301-Dumbbell-Rear-Lateral-Raise_Shoulders-FIX_720.gif",
      "rest": 120,
      "recovery": 180,
      "rounds": 3,
      "bar": 0,
      "set": 0,
      "twoSides": false
    },
    {
      "id": "e99bc345-d1a2-4266-96b5-5e00eac98c68",
      "imgUrl": "00041301-Air-Twisting-Crunch_waist_720.gif",
      "rounds": 0,
      "bar": 0,
      "twoSides": false
    },
    {
      "id": "e9c0f92c-85e8-4ddb-9f8a-3c7f23952a1a",
      "imgUrl": "14701301-Lateral-Side-Plank_Hips_720.gif",
      "rounds": 0,
      "bar": 0,
      "twoSides": true
    },
    {
      "id": "ebf25271-13c5-46b2-89ad-6b6bf40c6d8e",
      "imgUrl": "64841301-Dumbbell-Pullover-(VERSION-2)-(female)_Back_720.gif",
      "rest": 120,
      "recovery": 180,
      "rounds": 3,
      "bar": 0,
      "set": 0,
      "twoSides": false
    },
    {
      "id": "efd64ab1-9030-4830-874f-d60864b38c94",
      "imgUrl": "04261301-Dumbbell-Standing-Overhead-Press_shoulder_720.gif",
      "rest": 120,
      "recovery": 180,
      "rounds": 3,
      "bar": 0,
      "set": 0,
      "twoSides": false
    },
    {
      "id": "f46a4f60-df64-4b7c-83bf-0cae7ca8e5f2",
      "imgUrl": "28891301-Starfish-Crunch-(advanced)-(female)_Waist_720.gif",
      "rounds": 0,
      "bar": 0,
      "twoSides": false
    },
    {
      "id": "f5b567ff-04a3-49ba-889a-592e944533ce",
      "imgUrl": "47151301-Alternating-Superman_Hips_720.gif",
      "rounds": 0,
      "bar": 0,
      "twoSides": false
    },
    {
      "id": "f67a9a35-fe9b-48c5-b758-a9422f030f16",
      "imgUrl": "26151301-Close-Grip-Push-up-(female)_Upper-Arms_720.gif",
      "rounds": 0,
      "bar": 0,
      "twoSides": false
    },
    {
      "id": "f7201542-2be2-4dc3-b03e-5ee7b01df4ba",
      "imgUrl": "00321301-Barbell-Deadlift_Hips-FIX2_720.gif",
      "rest": 120,
      "recovery": 180,
      "rounds": 4,
      "bar": 0,
      "set": 0,
      "twoSides": false
    },
    {
      "id": "f73c07c0-1f82-4c08-aac1-e4ecdddc30b4",
      "imgUrl": "28811301-Push-up_Pilates_720.gif",
      "rounds": 0,
      "bar": 0,
      "twoSides": false
    },
    {
      "id": "f80e0a65-bdb9-4a6a-90d8-99443a39763a",
      "imgUrl": "48251301-Superman-Chest-Stretch_Hips_720.gif",
      "rounds": 0,
      "bar": 0,
      "twoSides": false
    },
    {
      "id": "fa4b05e5-d2a9-4eae-b427-a73c3206b549",
      "imgUrl": "62121301-Bicycle-Crunch-(female)_Waist_720.gif",
      "rounds": 0,
      "bar": 0,
      "twoSides": false
    },
    {
      "id": "fc4869f3-4efc-412a-a3f3-d71728bbb268",
      "imgUrl": "00251301-Barbell-Bench-Press_Chest-FIX_720.gif",
      "rest": 120,
      "recovery": 180,
      "rounds": 4,
      "bar": 0,
      "set": 0,
      "twoSides": false
    },
    {
      "id": "feec9b5e-63fd-48f3-98ab-144e88cd5877",
      "imgUrl": "22181301-Dumbbell-Lunge-(female)_Thighs_720.gif",
      "rest": 120,
      "recovery": 180,
      "rounds": 3,
      "bar": 0,
      "set": 0,
      "twoSides": false
    },
    {
      "id": "bde6d18d-4a05-4bdd-b5cf-cb7b06ae541a",
      "imgUrl": "49301301-Lunge-Stretch-(Female)_Thighs_720.gif",
      "twoSides": true,
      "isDeleted": false
    },
    {
      "id": "36599688-f8a9-46c5-a416-658acf7c3a22",
      "imgUrl": "43121301-Slopes-Towards-Stretch-(male)_Back_720.gif",
      "twoSides": true,
      "isDeleted": false
    },
    {
      "id": "308745da-7c2b-45f0-9f84-29fbb6e250fc",
      "imgUrl": "43031301-Runners-Stretch-(female)_Thighs_720.gif",
      "twoSides": true,
      "isDeleted": false
    },
    {
      "id": "4047bed5-6b5f-4152-a8e1-02e578898f1c",
      "imgUrl": "36301301-Standing-Hamstrings-and-Back-Stretch_720.gif",
      "twoSides": false,
      "isDeleted": false
    },
    {
      "id": "146795e3-9aa1-4292-a0d0-beda2c5554b4",
      "imgUrl": "35041301-Standing-Balance-Quadriceps-Stretch_Stretching_720.gif",
      "twoSides": true,
      "isDeleted": false
    },
    {
      "id": "bac2cf93-1192-454e-92ad-deedae36d272",
      "imgUrl": "34691301-Downward-Facing-Dog_Stretching_720.gif",
      "twoSides": false,
      "isDeleted": false
    },
    {
      "id": "f0e69243-13b9-4413-8887-42eca30d0038",
      "imgUrl": "34681301-Front-Hamstring-Stretch_Stretching_720.gif",
      "twoSides": true,
      "isDeleted": false
    },
    {
      "id": "07e7d077-7388-4ec8-a42d-05252abec0dd",
      "imgUrl": "21191301-Standing-Side-Stretch_Waist_720.gif",
      "twoSides": false,
      "isDeleted": false
    },
    {
      "id": "ffd080cb-e9b7-4946-9fba-c5977825a6a5",
      "imgUrl": "19801301-Across-Chest-Shoulder-Stretch_Back-FIX_720.gif",
      "twoSides": true,
      "isDeleted": false
    },
    {
      "id": "bc90741f-f4eb-43f9-8eeb-b71d152cb0da",
      "imgUrl": "20911301-Fingers-Down-Forearm-Stretch_Forearms_720.gif",
      "twoSides": true,
      "isDeleted": false
    },
    {
      "id": "19f0c282-9812-435f-95c6-743b133f1f9f",
      "imgUrl": "19741301-Standing-Reverse-Shoulder-Stretch_Shoulders-FIX_720.gif",
      "twoSides": false,
      "isDeleted": false
    },
    {
      "id": "7f2272c4-99ab-4e6b-8443-b6bed89c0a16",
      "imgUrl": "19091301-Standing-Toe-Up-Hamstring-Stretch_Thighs_720.gif",
      "twoSides": true,
      "isDeleted": false
    },
    {
      "id": "acfe8935-08bf-4fbf-bf7e-7bf4f753034c",
      "imgUrl": "17931301-Cross-over-shoulder-stretch_Back_720.gif",
      "twoSides": false,
      "isDeleted": false
    },
    {
      "id": "1f54ac0e-4255-4f20-b68e-47e9fafd7e58",
      "imgUrl": "18371301-Neck-Extensor-Stretch_Neck_720.gif",
      "twoSides": false,
      "isDeleted": false
    },
    {
      "id": "1e934245-491d-4c00-9133-492743507dd5",
      "imgUrl": "14881301-Shoulder-Stretch-Behind-the-Back_Shoulders_720.gif",
      "twoSides": true,
      "isDeleted": false
    },
    {
      "id": "c2b01266-31c9-46a8-981c-527a5e3d3a51",
      "imgUrl": "07131301-Side-Neck-Stretch_Neck-FIX_720.gif",
      "twoSides": true,
      "isDeleted": false
    },
    {
      "id": "cff40422-205a-438b-8dd7-78711973f4ab",
      "imgUrl": "04441301-Elbows-Back-Stretch_Chest_720.gif",
      "twoSides": false,
      "isDeleted": false
    },
    {
      "id": "ed4447bf-c0e2-4a5a-8c6e-9b0b33a673fe",
      "imgUrl": "04411301-Dynamic-Chest-Stretch_Chest_720.gif",
      "twoSides": false,
      "isDeleted": false
    },
    {
      "id": "6debe87d-6f15-4d34-842f-5f8f92b68a43",
      "imgUrl": "103281301-Lever-Belt-Bulgarian-Split-Squat_Thighs_720.gif",
      "rest": 120,
      "recovery": 180,
      "rounds": 4,
      "twoSides": true,
      "isDeleted": false
    },
    {
      "id": "5e855e83-37f8-469d-8d84-0b8c03262c07",
      "imgUrl": "93041301-Cable-Neutral-Grip-Wide-Pulldown-(VERSION-3)_Back_720.gif",
      "rest": 120,
      "recovery": 180,
      "rounds": 4,
      "twoSides": false,
      "isDeleted": false
    },
    {
      "id": "42371020-421a-4b8c-b312-10f1621d9547",
      "imgUrl": "65431301-Cable-Front-Raise-(rope-attachment)-(female)_Shoulders_720.gif",
      "rest": 120,
      "recovery": 180,
      "rounds": 4,
      "twoSides": false,
      "isDeleted": false
    },
    {
      "id": "a069b6a7-bcda-4867-a3aa-01fcb38866c1",
      "imgUrl": "83751301-Lever-Angled-Leg-Press-(male)_Thighs_720.gif",
      "rest": 120,
      "recovery": 180,
      "rounds": 4,
      "twoSides": false,
      "isDeleted": false
    },
    {
      "id": "82b2f62b-0a45-4301-8593-961e3f5def06",
      "imgUrl": "39121301-Cable-Bent-Over-One-Arm-Lateral-Raise_Shoulders_720.gif",
      "rest": 120,
      "recovery": 180,
      "rounds": 4,
      "twoSides": true,
      "isDeleted": false
    },
    {
      "id": "6ff340a3-3f12-4191-9f9d-2a7ae1d8fef6",
      "imgUrl": "37541301-Cable-Close-Grip-Front-Lat-Pulldown-(female)_Back_720.gif",
      "rest": 120,
      "recovery": 180,
      "rounds": 4,
      "twoSides": false,
      "isDeleted": false
    },
    {
      "id": "68cc1d37-f04f-45a5-accd-d7f3cbe02370",
      "imgUrl": "31111301-Smith-Split-Squat-(female)_Thighs_720.gif",
      "rest": 120,
      "recovery": 180,
      "rounds": 4,
      "twoSides": true,
      "isDeleted": false
    },
    {
      "id": "523663dd-b798-409b-9410-38ed7b3ea5ad",
      "imgUrl": "32521301-Knee-Raise-(female)_Thighs_720.gif",
      "twoSides": true,
      "isDeleted": false
    },
    {
      "id": "f55fbfae-3756-4c65-8f8f-50bbc0bbb5d1",
      "imgUrl": "30411301-Cable-Close-Grip-Curl-(female)_Upper-Arms_720.gif",
      "rest": 120,
      "recovery": 180,
      "rounds": 4,
      "twoSides": false,
      "isDeleted": false
    },
    {
      "id": "c3306519-f74f-49c2-9566-70baa6fc1ba6",
      "imgUrl": "30401301-Cable-Bar-High-Pulley-Overhead-Tricep-Extension-(female)_Upper-Arms_720.gif",
      "rest": 120,
      "recovery": 180,
      "rounds": 4,
      "twoSides": false,
      "isDeleted": false
    },
    {
      "id": "92fd3f4b-a99d-4c64-ae5d-b852328a4d58",
      "imgUrl": "25691301-Cossack-Squats-(female)_Thighs-FIX_720.gif",
      "twoSides": false,
      "isDeleted": false
    },
    {
      "id": "ef1c2004-670c-4fac-9f62-56646b5620b5",
      "imgUrl": "26171301-Smith-Chair-Squat-(female)_Thighs_720.gif",
      "rest": 120,
      "recovery": 180,
      "rounds": 4,
      "twoSides": false,
      "isDeleted": false
    },
    {
      "id": "928649c2-71c2-42a2-986d-0fea9106cfc4",
      "imgUrl": "25421301-Cable-twisting-overhead-press-(female)_shoulders_720.gif",
      "rest": 120,
      "recovery": 180,
      "rounds": 4,
      "twoSides": true,
      "isDeleted": false
    },
    {
      "id": "86e98529-1bd3-4780-ac7c-5b86c6429b73",
      "imgUrl": "24391301-Cable-Middle-Fly-(female)_Chest_720.gif",
      "rest": 120,
      "recovery": 180,
      "rounds": 4,
      "twoSides": false,
      "isDeleted": false
    },
    {
      "id": "fa7a9bcd-39a4-4ff3-b9ce-eb17f6882691",
      "imgUrl": "23691301-Cable-Kneeling-Crunch-(female)_Waist_720.gif",
      "rest": 120,
      "recovery": 180,
      "rounds": 4,
      "twoSides": false,
      "isDeleted": false
    },
    {
      "id": "c6a1165c-d746-4439-9e41-64948ac4b75e",
      "imgUrl": "24381301-Cable-Pushdown-(with-rope-attachment)-(female)_Upper-Arms_720.gif",
      "rest": 120,
      "recovery": 180,
      "rounds": 4,
      "twoSides": false,
      "isDeleted": false
    },
    {
      "id": "8f2583fe-ab4a-48d6-ab46-5d2763419e3e",
      "imgUrl": "22561301-Lever-Leg-Extension-(female)_Thighs_720.gif",
      "rest": 120,
      "recovery": 180,
      "rounds": 4,
      "twoSides": false,
      "isDeleted": false
    },
    {
      "id": "41a167b6-e1e7-4a49-b75d-d1af1a880e8a",
      "imgUrl": "22231301-Lever-Lying-Leg-Curl-(female)_Thighs_720.gif",
      "rest": 120,
      "recovery": 180,
      "rounds": 4,
      "twoSides": false,
      "isDeleted": false
    },
    {
      "id": "e4b01fc0-9810-45ee-973f-f3c3bac52fcf",
      "imgUrl": "15951301-Smith-Front-Squat_Thighs_720.gif",
      "rest": 120,
      "recovery": 180,
      "rounds": 4,
      "twoSides": false,
      "isDeleted": false
    },
    {
      "id": "2da1d394-9e93-486d-b24b-51860c2aa382",
      "imgUrl": "15941301-Smith-Frankenstein-Squat_Thighs_720.gif",
      "rest": 120,
      "recovery": 180,
      "rounds": 4,
      "twoSides": false,
      "isDeleted": false
    },
    {
      "id": "691fbb3d-b39e-48aa-b987-08b4b8ce78ea",
      "imgUrl": "15471301-Cable-Standing-Leg-Curl_Thighs_720.gif",
      "rest": 120,
      "recovery": 180,
      "rounds": 4,
      "twoSides": true,
      "isDeleted": false
    },
    {
      "id": "6e662cda-4e56-4600-aad0-c8b587327d77",
      "imgUrl": "10391301-Lever-Full-Squat_Thighs_720.gif",
      "rest": 120,
      "recovery": 180,
      "rounds": 4,
      "twoSides": false,
      "isDeleted": false
    },
    {
      "id": "464ddd93-29fc-47ef-b547-7240367f55b3",
      "imgUrl": "10381301-Lever-Chair-Squat_Thighs_720.gif",
      "rest": 120,
      "recovery": 180,
      "rounds": 4,
      "twoSides": false,
      "isDeleted": false
    },
    {
      "id": "b176520c-cfdd-4014-aa12-a5b02ea1b568",
      "imgUrl": "08791301-Cable-Hip-Abduction-(version-2)-(female)_Hips-FIX_720.gif",
      "rest": 120,
      "recovery": 180,
      "rounds": 4,
      "twoSides": false,
      "isDeleted": false
    },
    {
      "id": "966411b2-ac2d-450b-8501-ed3d9f566823",
      "imgUrl": "05821301-Lever-Kneeling-Leg-Curl-(plate-loaded)_Thighs_720.gif",
      "rest": 120,
      "recovery": 180,
      "rounds": 4,
      "twoSides": true,
      "isDeleted": false
    },
    {
      "id": "ae398b8b-0388-490a-9660-9d07c15c33e3",
      "imgUrl": "01661301-Cable-Hammer-Curl_Forearm_720.gif",
      "rest": 120,
      "recovery": 180,
      "rounds": 4,
      "twoSides": false,
      "isDeleted": false
    },
    {
      "id": "c32f182d-e557-4d34-8f3a-3abecf04654b",
      "imgUrl": "01641301-Cable-Front-Shoulder-Raise_Shoulders-FIX_720.gif",
      "rest": 120,
      "recovery": 180,
      "rounds": 4,
      "twoSides": false,
      "isDeleted": false
    },
    {
      "id": "a21a3457-7112-4ef3-ac6b-e7b89923f73d",
      "imgUrl": "48611301-Kettlebell-Romanian-Deadlift_Hips_720.gif",
      "rest": 120,
      "recovery": 180,
      "rounds": 3,
      "twoSides": false,
      "isDeleted": false
    },
    {
      "id": "67b66721-5e2c-4160-8c58-63c2a8714272",
      "imgUrl": "50701301-Kettlebell-Rear-Lunge_Thighs_720.gif",
      "rest": 120,
      "recovery": 180,
      "rounds": 3,
      "twoSides": true,
      "isDeleted": false
    },
    {
      "id": "5ea04d2c-dead-47f7-a2ad-c63247625148",
      "imgUrl": "45431301-Kettlebell-One-Arm-Clean_Weightlifting_720.gif",
      "rest": 120,
      "recovery": 180,
      "rounds": 3,
      "twoSides": true,
      "isDeleted": false
    },
    {
      "id": "26a41560-2a24-49a0-85fc-35ac219f3986",
      "imgUrl": "48171301-Kettlebell-Good-Morning_Hips_720.gif",
      "rest": 120,
      "recovery": 180,
      "rounds": 3,
      "twoSides": false,
      "isDeleted": false
    },
    {
      "id": "b58847be-d77e-4c0a-bd0f-6216b63d80e5",
      "imgUrl": "44001301-Kettlebell-Step-up_Thighs_720.gif",
      "rest": 120,
      "recovery": 180,
      "rounds": 3,
      "twoSides": false,
      "isDeleted": false
    },
    {
      "id": "4092a0ab-87b4-40ce-8b37-99c0a88cb532",
      "imgUrl": "45421301-Kettlebell-Clean-and-Jerk_Weightlifting_720.gif",
      "rest": 120,
      "recovery": 180,
      "rounds": 3,
      "twoSides": false,
      "isDeleted": false
    },
    {
      "id": "0c9df5fb-28d1-434d-87a9-8d9d2430974a",
      "imgUrl": "40591301-Kettlebell-Split-Squat_Thighs_720.gif",
      "rest": 120,
      "recovery": 180,
      "rounds": 3,
      "twoSides": true,
      "isDeleted": false
    },
    {
      "id": "a89f7eeb-c470-4721-88ab-715d40d03336",
      "imgUrl": "43931301-Kettlebell-Russian-Twist_Waist-FIX_720.gif",
      "rest": 120,
      "recovery": 180,
      "rounds": 3,
      "twoSides": false,
      "isDeleted": false
    },
    {
      "id": "e3614b70-66e4-4e0f-a569-3c5216d57e3e",
      "imgUrl": "40451301-Kettlebell-Lateral-Lunge_Thighs_720.gif",
      "rest": 120,
      "recovery": 180,
      "rounds": 3,
      "twoSides": true,
      "isDeleted": false
    },
    {
      "id": "6983dd62-5d88-47e7-bfac-8d57725f61f1",
      "imgUrl": "40471301-Kettlebell-Dead-Bug_Waist_720.gif",
      "rest": 120,
      "recovery": 180,
      "rounds": 3,
      "twoSides": true,
      "isDeleted": false
    },
    {
      "id": "1c24bcb8-d523-4e60-9e69-8250a80b1fb3",
      "imgUrl": "35741301-Kettlebell-Forward-Lunge_Thighs_720.gif",
      "rest": 120,
      "recovery": 180,
      "rounds": 3,
      "twoSides": true,
      "isDeleted": false
    },
    {
      "id": "73062ff9-0cb9-4202-bba1-8b0bd4f35af2",
      "imgUrl": "35761301-Kettlebell-Farmers-Carry_720.gif",
      "rest": 120,
      "recovery": 180,
      "rounds": 3,
      "twoSides": false,
      "isDeleted": false
    },
    {
      "id": "856c9858-2bb2-4d55-8165-befd0f8a193e",
      "imgUrl": "35711301-Kettlebell-Full-Swing_Hips_720.gif",
      "rest": 120,
      "recovery": 180,
      "rounds": 3,
      "twoSides": false,
      "isDeleted": false
    },
    {
      "id": "16cc14b8-abe6-4326-8e20-1ef1354677dd",
      "imgUrl": "35721301-Kettlebell-Strict-Press_Shoulders_720.gif",
      "rest": 120,
      "recovery": 180,
      "rounds": 3,
      "twoSides": true,
      "isDeleted": false
    },
    {
      "id": "3475ea25-6762-4cc6-a0e5-39ce83407864",
      "imgUrl": "15681301-Kettlebell-One-Arm-Swing_Hips-FIX_720.gif",
      "rest": 120,
      "recovery": 180,
      "rounds": 3,
      "twoSides": false,
      "isDeleted": false
    },
    {
      "id": "e0b552b1-7e3e-49a7-92bc-48a9e54fce30",
      "imgUrl": "33221301-Kettlebell-deadlift_Hips_720.gif",
      "rest": 120,
      "recovery": 180,
      "rounds": 3,
      "twoSides": false,
      "isDeleted": false
    },
    {
      "id": "cdd94b3d-fd86-4246-8f09-1164edec35f3",
      "imgUrl": "05521301-Kettlebell-Two-Arm-Clean_Shoulders-FIX_720.gif",
      "rest": 120,
      "recovery": 180,
      "rounds": 3,
      "twoSides": false,
      "isDeleted": false
    },
    {
      "id": "2ffccab9-b77c-45c2-bcb0-f150d230ca36",
      "imgUrl": "05541301-Kettlebell-Windmill_waist_720.gif",
      "rest": 120,
      "recovery": 180,
      "rounds": 3,
      "twoSides": true,
      "isDeleted": false
    },
    {
      "id": "aab58051-952a-4567-a2e9-cc9d0b33a232",
      "imgUrl": "05511301-Kettlebell-Turkish-Get-Up-(Squat-style)_Thighs-FIX_720.gif",
      "rest": 120,
      "recovery": 180,
      "rounds": 3,
      "twoSides": true,
      "isDeleted": false
    },
    {
      "id": "1eb05043-fe58-46cd-b087-06b9b80e04aa",
      "imgUrl": "05501301-Kettlebell-Thruster_Shoulders-FIX_720.gif",
      "rest": 120,
      "recovery": 180,
      "rounds": 3,
      "twoSides": false,
      "isDeleted": false
    },
    {
      "id": "5c6efe3e-f058-4459-bee6-bc844bc3f7fb",
      "imgUrl": "05481301-Kettlebell-Sumo-High-Pull_back_720.gif",
      "rest": 120,
      "recovery": 180,
      "rounds": 3,
      "twoSides": false,
      "isDeleted": false
    },
    {
      "id": "3cb7ef5d-1427-483c-8ca3-fa5d8755c398",
      "imgUrl": "05491301-Kettlebell-Swing_Hips-FIX_720.gif",
      "rest": 120,
      "recovery": 180,
      "rounds": 3,
      "twoSides": false,
      "isDeleted": false
    },
    {
      "id": "e35f82b2-b3d2-46cc-9f8c-510849fcc7dd",
      "imgUrl": "05411301-Kettlebell-One-Arm-Row_back_720.gif",
      "rest": 120,
      "recovery": 180,
      "rounds": 3,
      "twoSides": true,
      "isDeleted": false
    },
    {
      "id": "f2e071b0-262b-46f6-83b1-4f1f6b425907",
      "imgUrl": "05421301-Kettlebell-One-Arm-Snatch_Shoulders-FIX_720.gif",
      "rest": 120,
      "recovery": 180,
      "rounds": 3,
      "twoSides": true,
      "isDeleted": false
    },
    {
      "id": "e55d5ec3-1144-4cd5-9dd0-f2c5b617f077",
      "imgUrl": "05361301-Kettlebell-Lunge-Pass-Through_thighs_720.gif",
      "rest": 120,
      "recovery": 180,
      "rounds": 3,
      "twoSides": true,
      "isDeleted": false
    },
    {
      "id": "22100471-34d6-4e79-ba60-f085bd4cbc1a",
      "imgUrl": "05381301-Kettlebell-One-Arm-Jerk_Shoulders_720.gif",
      "rest": 120,
      "recovery": 180,
      "rounds": 3,
      "twoSides": true,
      "isDeleted": false
    },
    {
      "id": "ce381738-1d09-40ef-b989-95bef7c1c8f0",
      "imgUrl": "05341301-Kettlebell-Goblet-Squat_thighs_720.gif",
      "rest": 120,
      "recovery": 180,
      "rounds": 3,
      "twoSides": false,
      "isDeleted": false
    },
    {
      "id": "7a721b13-7c42-458c-a29e-904fb792f0c8",
      "imgUrl": "05351301-Kettlebell-Hang-Clean_Thighs-FIX_720.gif",
      "rest": 120,
      "recovery": 180,
      "rounds": 3,
      "twoSides": true,
      "isDeleted": false
    },
    {
      "id": "cf1e8107-ccd3-4b3a-9f97-2653a59f4a43",
      "imgUrl": "05331301-Kettlebell-Front-Squat_thighs_720.gif",
      "rest": 120,
      "recovery": 180,
      "rounds": 3,
      "twoSides": false,
      "isDeleted": false
    },
    {
      "id": "3154c405-dde3-44bf-a204-9ad2a6033c2b",
      "imgUrl": "05321301-Kettlebell-Figure-8_waist_720.gif",
      "rest": 120,
      "recovery": 180,
      "rounds": 3,
      "twoSides": false,
      "isDeleted": false
    }
  ]
}