{
  "items": [
    {
      "id": "2372312e-edc7-4602-b49c-e884e289b935",
      "type": 1,
      "warmUp": 0,
      "getReady": 10,
      "exercise": 30,
      "rest": 30,
      "recovery": 120,
      "coolDown": 0,
      "rounds": 3,
      "group": 0,
      "isSystemPreset": true
    },
    {
      "id": "bd85f23a-9eca-47be-8f31-36612e00e8ed",
      "type": 0,
      "warmUp": 0,
      "getReady": 10,
      "exercise": 0,
      "rest": 120,
      "recovery": 180,
      "coolDown": 0,
      "rounds": 4,
      "group": 0,
      "isSystemPreset": true
    }
  ]
}